y_true,y_pred,residual
0.0012,0.0011736666666666655,2.633333333333437e-05
0.00121,0.0012007000000000007,9.299999999999196e-06
0.00125,0.0012484666666666665,1.5333333333335513e-06
0.00118,0.001176433333333332,3.5666666666680363e-06
0.00119,0.001202599999999997,-1.2599999999996945e-05
0.00124,0.0012489999999999962,-8.999999999996207e-06
0.00117,0.001159699999999999,1.0300000000001064e-05
0.00118,0.0011906666666666684,-1.0666666666668372e-05
0.00123,0.001238666666666665,-8.66666666666507e-06
0.00115,0.0011502333333333334,-2.333333333334655e-07
0.00117,0.001184666666666667,-1.4666666666666951e-05
0.00121,0.0012340000000000027,-2.4000000000002752e-05
0.00114,0.0011231666666666673,1.6833333333332676e-05
0.00116,0.0011735000000000022,-1.3500000000002225e-05
0.0012,0.0012164000000000022,-1.640000000000235e-05
0.00113,0.001122499999999998,7.500000000001863e-06
0.00115,0.0011625333333333315,-1.2533333333331542e-05
0.00119,0.0012046999999999987,-1.4699999999998568e-05
0.00112,0.0011232000000000015,-3.2000000000015957e-06
0.00114,0.0011548333333333328,-1.4833333333332845e-05
0.00118,0.001197933333333335,-1.7933333333335034e-05
0.00111,0.0011200333333333348,-1.003333333333468e-05
0.00113,0.0011565333333333325,-2.6533333333332533e-05
0.00117,0.0012001666666666686,-3.0166666666668574e-05
0.0011,0.0010932666666666681,6.733333333331943e-06
0.00112,0.0011344666666666657,-1.4466666666665753e-05
0.00117,0.0011781666666666676,-8.166666666667606e-06
0.00109,0.0010871999999999985,2.800000000001586e-06
0.00111,0.0011272333333333352,-1.723333333333507e-05
0.00116,0.0011720666666666692,-1.2066666666669165e-05
0.00108,0.0010834666666666652,-3.4666666666651608e-06
0.00111,0.0011164333333333351,-6.433333333335026e-06
0.00115,0.0011631666666666654,-1.316666666666545e-05
0.00107,0.001071100000000003,-1.1000000000030083e-06
0.0011,0.001108566666666667,-8.566666666666965e-06
0.00115,0.0011514999999999984,-1.4999999999984644e-06
0.00106,0.0010659333333333354,-5.933333333335393e-06
0.00109,0.0010997333333333304,-9.73333333333039e-06
0.00114,0.001146766666666664,-6.766666666663994e-06
0.00106,0.0010591666666666694,8.333333333305527e-07
0.00109,0.0010964333333333307,-6.433333333330689e-06
0.00114,0.0011440333333333297,-4.033333333329763e-06
0.00105,0.0010555666666666698,-5.56666666666982e-06
0.00108,0.0010959333333333294,-1.5933333333329348e-05
0.00113,0.001141433333333329,-1.1433333333328967e-05
0.00104,0.0010484333333333326,-8.433333333332689e-06
0.00108,0.001085033333333335,-5.033333333334883e-06
0.00113,0.0011325000000000007,-2.5000000000007655e-06
0.00104,0.0010397333333333333,2.6666666666660087e-07
0.00108,0.0010807000000000034,-7.000000000034323e-07
0.00112,0.001129533333333336,-9.533333333336131e-06
0.00103,0.0010351333333333329,-5.1333333333327714e-06
0.00107,0.0010780333333333361,-8.033333333336149e-06
0.00112,0.0011257333333333358,-5.73333333333593e-06
0.00103,0.0010261666666666657,3.83333333333442e-06
0.00107,0.0010719999999999996,-1.999999999999615e-06
0.00111,0.001116900000000003,-6.900000000002824e-06
0.00102,0.0010276999999999994,-7.699999999999374e-06
0.00107,0.0010699000000000008,9.999999999918928e-08
0.00111,0.0011145666666666674,-4.566666666667302e-06
0.00102,0.001022833333333332,-2.8333333333319024e-06
0.00106,0.0010701666666666657,-1.0166666666665703e-05
0.00111,0.0011116000000000008,-1.6000000000006894e-06
0.00102,0.0010207000000000003,-7.000000000001796e-07
0.00106,0.0010684999999999994,-8.499999999999393e-06
0.00111,0.0011097666666666664,2.3333333333368234e-07
0.00101,0.0010161303333333356,-6.1303333333355674e-06
0.00106,0.001058500000000002,1.4999999999980307e-06
0.0011,0.0011076666666666652,-7.666666666665154e-06
0.00101,0.0010144970000000035,-4.497000000003477e-06
0.00105,0.0010578333333333345,-7.833333333334518e-06
0.0011,0.0011067999999999985,-6.7999999999984306e-06
0.00101,0.001010366666666672,-3.666666666718617e-07
0.00105,0.0010531666666666656,-3.1666666666656414e-06
0.0011,0.001100766666666661,-7.666666666610294e-07
0.00101,0.0010072766666666707,2.723333333329303e-06
0.00105,0.0010507999999999971,-7.999999999972005e-07
0.0011,0.0010999666666666609,3.3333333339206905e-08
0.001,0.001000866000000001,-8.660000000010586e-07
0.00105,0.00105043333333333,-4.3333333333010933e-07
0.0011,0.0010995666666666608,4.3333333333921663e-07
0.001,0.001000603333333334,-6.033333333340871e-07
0.00105,0.00105023333333333,-2.3333333332999605e-07
0.0011,0.0010992333333333278,7.666666666723051e-07
0.001,0.0010003876666666678,-3.876666666677471e-07
0.00105,0.0010500666666666632,-6.666666666323498e-08
0.0011,0.0010984333333333282,1.5666666666718908e-06
0.0009991,0.0009998199999999996,-7.199999999996272e-07
0.00105,0.0010500666666666632,-6.666666666323498e-08
0.00109,0.0010996333333333276,-9.633333333327514e-06
0.0009983,0.0009993336666666666,-1.0336666666666428e-06
0.00105,0.0010499999999999965,3.469446951953614e-18
0.00109,0.0010988333333333275,-8.833333333327495e-06
0.0009986,0.0009985736666666715,2.6333333328579928e-08
0.00105,0.0010499999999999965,3.469446951953614e-18
0.00109,0.0010907999999999966,-7.9999999999655e-07
0.0009984,0.0009985320000000008,-1.3200000000077733e-07
0.00105,0.0010499999999999965,3.469446951953614e-18
0.00109,0.0010907666666666635,-7.666666666634146e-07
0.0009984,0.000998499666666672,-9.966666667210293e-08
0.00105,0.0010499999999999965,3.469446951953614e-18
0.00109,0.001090766666666664,-7.666666666640651e-07
0.0009985,0.0009985120000000026,-1.2000000002574188e-08
0.00105,0.0010499999999999965,3.469446951953614e-18
0.00109,0.001094566666666662,-4.566666666661881e-06
0.0009983,0.0009986430000000046,-3.430000000046417e-07
0.00105,0.0010499999999999965,3.469446951953614e-18
0.0011,0.001093799999999996,6.200000000004162e-06
0.0009989,0.000998416333333337,4.836666666629703e-07
0.00105,0.0010499999999999965,3.469446951953614e-18
0.0011,0.0010961666666666624,3.833333333337673e-06
0.0009995,0.0009986393333333361,8.606666666638105e-07
0.00105,0.0010499999999999965,3.469446951953614e-18
0.0011,0.001096133333333329,3.866666666671025e-06
0.001,0.0009996209999999985,3.790000000015222e-07
0.00105,0.0010499999999999965,3.469446951953614e-18
0.0011,0.0010992333333333278,7.666666666723051e-07
0.001,0.000999864,1.3599999999997295e-07
0.00105,0.0010499999999999965,3.469446951953614e-18
0.0011,0.0010999333333333275,6.666666667255912e-08
0.001,0.0010000243333333336,-2.4333333333535767e-08
0.00105,0.0010500999999999965,-9.99999999965872e-08
0.0011,0.0010996333333333276,3.666666666725122e-07
0.001,0.0010057793333333365,-5.779333333336438e-06
0.00105,0.0010512333333333307,-1.2333333333307793e-06
0.0011,0.0011002999999999944,-2.9999999999431523e-07
0.00101,0.001005520000000003,4.47999999999703e-06
0.00105,0.0010543999999999998,-4.39999999999989e-06
0.0011,0.0011006999999999946,-6.999999999945418e-07
0.00101,0.0010078283333333374,2.17166666666266e-06
0.00106,0.0010508666666666636,9.133333333336338e-06
0.0011,0.0011008666666666616,-8.666666666615197e-07
0.00101,0.0010082216666666712,1.7783333333288437e-06
0.00106,0.0010526999999999982,7.3000000000017495e-06
0.00111,0.0011026333333333293,7.366666666670839e-06
0.00101,0.0010098333333333387,1.6666666666134006e-07
0.00106,0.0010591333333333367,8.666666666632544e-07
0.00111,0.0011076999999999988,2.3000000000013027e-06
0.00101,0.0010104000000000053,-4.000000000052139e-07
0.00106,0.0010600000000000039,-3.903127820947816e-18
0.00111,0.0011094999999999998,5.000000000002832e-07
0.00101,0.0010117000000000045,-1.7000000000044323e-06
0.00106,0.0010614000000000027,-1.4000000000027445e-06
0.00111,0.0011094999999999998,5.000000000002832e-07
0.00102,0.0010140666666666703,5.933333333329755e-06
0.00107,0.0010628333333333356,7.1666666666644376e-06
0.00111,0.001112666666666668,-2.6666666666679602e-06
0.00102,0.001018666666666667,1.3333333333330043e-06
0.00107,0.0010673666666666671,2.6333333333328733e-06
0.00112,0.0011127333333333348,7.266666666665145e-06
0.00102,0.0010192333333333338,7.666666666662336e-07
0.00107,0.0010691666666666666,8.333333333333717e-07
0.00112,0.0011187333333333382,1.2666666666617463e-06
0.00102,0.0010206333333333331,-6.333333333330415e-07
0.00107,0.0010700333333333327,-3.333333333270169e-08
0.00112,0.0011180333333333375,1.9666666666623596e-06
0.00102,0.001022733333333332,-2.7333333333318457e-06
0.00108,0.0010714999999999998,8.50000000000026e-06
0.00112,0.0011194333333333381,5.666666666617835e-07
0.00103,0.0010230999999999984,6.90000000000174e-06
0.00108,0.001076733333333336,3.2666666666639633e-06
0.00113,0.0011212333333333376,8.766666666662308e-06
0.00103,0.0010284999999999984,1.500000000001717e-06
0.00108,0.0010789000000000035,1.099999999996503e-06
0.00113,0.0011277333333333365,2.266666666663397e-06
0.00103,0.0010313666666666652,-1.3666666666650555e-06
0.00108,0.0010801000000000025,-1.0000000000244189e-07
0.00113,0.0011284000000000018,1.5999999999980873e-06
0.00104,0.0010333333333333327,6.66666666666719e-06
0.00109,0.0010820333333333358,7.96666666666424e-06
0.00114,0.0011306666666666676,9.333333333332331e-06
0.00104,0.0010393000000000012,6.999999999986618e-07
0.00109,0.0010878999999999986,2.1000000000014063e-06
0.00114,0.0011378666666666628,2.1333333333371438e-06
0.00104,0.0010401000000000017,-1.0000000000179136e-07
0.00109,0.0010931333333333297,-3.133333333329687e-06
0.00114,0.0011428333333333295,-2.833333333329517e-06
0.00104,0.001043966666666666,-3.9666666666660945e-06
0.0011,0.00109243333333333,7.566666666670085e-06
0.00115,0.0011423666666666638,7.633333333336139e-06
0.00105,0.0010494333333333327,5.666666666672045e-07
0.0011,0.0011004666666666618,-4.666666666617268e-07
0.00115,0.0011495666666666649,4.3333333333509666e-07
0.00105,0.001054033333333334,-4.0333333333341e-06
0.0011,0.0011033999999999966,-3.3999999999965048e-06
0.00115,0.0011522333333333307,-2.233333333330695e-06
0.00106,0.0010538333333333333,6.16666666666669e-06
0.00111,0.0011011999999999953,8.800000000004768e-06
0.00116,0.0011479666666666638,1.2033333333336246e-05
0.00106,0.0010589000000000032,1.09999999999672e-06
0.00111,0.0011072333333333316,2.7666666666684506e-06
0.00116,0.0011531999999999966,6.800000000003418e-06
0.00106,0.0010621000000000025,-2.1000000000024905e-06
0.00111,0.0011109333333333342,-9.333333333340788e-07
0.00116,0.0011568999999999976,3.1000000000024064e-06
0.00107,0.001062633333333336,7.3666666666639e-06
0.00112,0.001111666666666667,8.33333333333285e-06
0.00117,0.001158233333333331,1.1766666666668995e-05
0.00107,0.0010685666666666676,1.4333333333324105e-06
0.00112,0.0011210000000000044,-1.0000000000044695e-06
0.00117,0.0011654000000000005,4.59999999999957e-06
0.00107,0.0010707000000000004,-7.000000000003965e-07
0.00113,0.0011213000000000048,8.69999999999517e-06
0.00117,0.0011679333333333337,2.0666666666663194e-06
0.00108,0.0010744666666666677,5.5333333333323475e-06
0.00113,0.0011307666666666683,-7.66666666668402e-07
0.00118,0.0011730000000000024,6.9999999999976765e-06
0.00108,0.001076600000000002,3.3999999999980227e-06
0.00113,0.0011335333333333333,-3.533333333333383e-06
0.00118,0.0011768000000000032,3.199999999996825e-06
0.00108,0.0010796000000000015,3.9999999999849184e-07
0.00114,0.0011305000000000024,9.499999999997575e-06
0.00119,0.0011768333333333344,1.3166666666665668e-05
0.00109,0.0010870666666666661,2.9333333333339106e-06
0.00114,0.0011390333333333301,9.666666666698163e-07
0.00119,0.0011838000000000035,6.199999999996573e-06
0.00109,0.0010931333333333297,-3.133333333329687e-06
0.00114,0.0011427999999999968,-2.7999999999968155e-06
0.00119,0.001188433333333335,1.5666666666651688e-06
0.0011,0.0010960333333333296,3.966666666670431e-06
0.00115,0.0011459999999999975,4.0000000000024825e-06
0.0012,0.0011928666666666684,7.133333333331519e-06
0.0011,0.001099833333333329,1.6666666667109788e-07
0.00115,0.001153299999999998,-3.299999999997966e-06
0.0012,0.0011989333333333318,1.0666666666681382e-06
0.0011,0.0011067666666666654,-6.766666666665295e-06
0.00116,0.0011567999999999975,3.200000000002463e-06
0.00121,0.0012029999999999962,7.000000000003748e-06
0.00111,0.0011054999999999973,4.500000000002766e-06
0.00116,0.0011614333333333318,-1.43333333333176e-06
0.00121,0.001206733333333329,3.266666666670902e-06
0.00111,0.0011136333333333348,-3.6333333333347408e-06
0.00116,0.0011669333333333331,-6.9333333333331405e-06
0.00121,0.0012100999999999963,-9.999999999637035e-08
0.00112,0.0011125666666666676,7.4333333333323395e-06
0.00117,0.0011681333333333343,1.8666666666657724e-06
0.00122,0.00121173333333333,8.266666666670048e-06
0.00112,0.0011229333333333381,-2.9333333333382474e-06
0.00117,0.0011791000000000004,-9.100000000000384e-06
0.00122,0.0012300666666666701,-1.00666666666702e-05
0.00112,0.0011248000000000046,-4.80000000000467e-06
0.00118,0.0011762000000000022,3.7999999999978155e-06
0.00123,0.0012270333333333347,2.9666666666653112e-06
0.00113,0.0011254666666666694,4.53333333333048e-06
0.00118,0.0011818333333333353,-1.8333333333352391e-06
0.00123,0.0012368333333333348,-6.8333333333348185e-06
0.00113,0.001137999999999997,-7.999999999997159e-06
0.00119,0.0011892000000000035,7.9999999999655e-07
0.00123,0.0012403666666666697,-1.036666666666972e-05
0.00114,0.001133000000000002,6.999999999997893e-06
0.00119,0.001188933333333336,1.0666666666640182e-06
0.00124,0.001235033333333336,4.966666666664059e-06
0.00114,0.0011451666666666656,-5.16666666666569e-06
0.00119,0.0011968999999999973,-6.899999999997186e-06
0.00124,0.0012464666666666612,-6.466666666661222e-06
0.00115,0.0011419999999999976,8.000000000002363e-06
0.0012,0.001193633333333335,6.366666666664852e-06
0.00125,0.0012433333333333335,6.66666666666654e-06
0.00115,0.0011458999999999987,4.100000000001238e-06
0.0012,0.0012027333333333304,-2.7333333333305447e-06
0.00125,0.001251233333333328,-1.2333333333279604e-06
0.00115,0.0011598666666666636,-9.866666666663582e-06
0.00121,0.0012097666666666613,2.3333333333866967e-07
0.00125,0.0012595999999999968,-9.599999999996764e-06
0.00116,0.001150066666666667,9.933333333333105e-06
0.00121,0.0012087999999999966,1.2000000000032818e-06
0.00126,0.0012548333333333279,5.166666666672195e-06
0.00116,0.001166600000000003,-6.600000000003088e-06
0.00121,0.0012174666666666652,-7.466666666665258e-06
0.00126,0.001266733333333328,-6.73333333332804e-06
0.00117,0.0011627666666666656,7.233333333334395e-06
0.00122,0.0012127333333333305,7.2666666666694815e-06
0.00127,0.001262499999999997,7.500000000003164e-06
0.00117,0.0011675000000000012,2.499999999998814e-06
0.00122,0.0012181999999999996,1.800000000000369e-06
0.00127,0.0012681666666666642,1.8333333333358896e-06
0.00117,0.0011771333333333346,-7.133333333334555e-06
0.00123,0.0012307666666666675,-7.666666666675346e-07
0.00128,0.0012769000000000018,3.0999999999982864e-06
0.00118,0.0011772666666666678,2.7333333333322794e-06
0.00123,0.0012303000000000006,-3.000000000006036e-07
0.00128,0.001276233333333335,3.766666666665114e-06
0.00118,0.001189933333333337,-9.933333333337008e-06
0.00124,0.0012399000000000028,9.999999999723772e-08
0.00128,0.001290266666666674,-1.0266666666674e-05
0.00119,0.0011848666666666677,5.133333333332338e-06
0.00124,0.0012408666666666695,-8.666666666695428e-07
0.00129,0.0012854333333333376,4.566666666662314e-06
0.00119,0.0011882666666666682,1.7333333333319299e-06
0.00124,0.0012392000000000006,7.999999999993689e-07
0.00129,0.0012871000000000065,2.8999999999934026e-06
0.00119,0.0011986666666666636,-8.666666666663552e-06
0.00125,0.0012499666666666606,3.3333333339423746e-08
0.0013,0.0012987333333333397,1.2666666666602284e-06
0.0012,0.0011933000000000024,6.6999999999975066e-06
0.00125,0.0012487999999999952,1.2000000000047997e-06
0.0013,0.00129816666666667,1.833333333330035e-06
0.0012,0.0012089666666666617,-8.96666666666177e-06
0.00126,0.001259699999999997,3.0000000000298885e-07
0.0013,0.0013096666666666628,-9.666666666662818e-06
0.00121,0.0012048666666666617,5.1333333333381925e-06
0.00126,0.0012606999999999968,-6.999999999967102e-07
0.00131,0.001305233333333336,4.7666666666639455e-06
0.00121,0.0012073999999999954,2.6000000000045084e-06
0.00126,0.0012601999999999973,-1.9999999999729436e-07
0.00131,0.0013088999999999965,1.100000000003442e-06
0.00121,0.0012161333333333307,-6.133333333330736e-06
0.00127,0.0012669666666666644,3.033333333335702e-06
0.00132,0.001316333333333329,3.666666666670912e-06
0.00122,0.0012089333333333279,1.1066666666672068e-05
0.00127,0.0012644666666666632,5.533333333336901e-06
0.00132,0.001313866666666661,6.133333333338976e-06
0.00122,0.0012286666666666702,-8.666666666670274e-06
0.00128,0.0012791333333333353,8.666666666647723e-07
0.00133,0.0013290333333333313,9.66666666668732e-07
0.00123,0.0012238000000000001,6.1999999999998254e-06
0.00128,0.0012807666666666698,-7.66666666669703e-07
0.00133,0.0013300333333333334,-3.3333333333352214e-08
0.00123,0.0012265333333333344,3.4666666666655944e-06
0.00128,0.0012827000000000042,-2.7000000000041314e-06
0.00133,0.0013318666666666682,-1.8666666666681576e-06
0.00123,0.0012388333333333366,-8.833333333336602e-06
0.00129,0.0012902666666666735,-2.6666666667353976e-07
0.00134,0.0013401666666666703,-1.6666666667023051e-07
0.00124,0.0012342666666666697,5.733333333330292e-06
0.00129,0.0012923333333333404,-2.3333333333405096e-06
0.00134,0.0013420666666666705,-2.0666666666704393e-06
0.00124,0.001238633333333337,1.366666666663104e-06
0.0013,0.0012911666666666744,8.833333333325543e-06
0.00135,0.0013410666666666708,8.933333333329286e-06
0.00125,0.001249966666666662,3.33333333381227e-08
0.0013,0.0013061999999999965,-6.199999999996573e-06
0.00135,0.0013560333333333418,-6.033333333341738e-06
0.00125,0.0012467333333333322,3.2666666666678664e-06
0.00131,0.0012991000000000036,1.0899999999996416e-05
0.00136,0.0013491000000000026,1.08999999999975e-05
0.00126,0.0012536333333333304,6.366666666669622e-06
0.00131,0.001311933333333328,-1.93333333332814e-06
0.00136,0.0013612999999999997,-1.2999999999996521e-06
0.00126,0.0012518333333333322,8.166666666667823e-06
0.00132,0.0013053666666666642,1.4633333333335767e-05
0.00137,0.0013542999999999997,1.570000000000022e-05
0.00126,0.001270866666666665,-1.0866666666665015e-05
0.00132,0.0013288666666666658,-8.866666666665834e-06
0.00137,0.0013788999999999974,-8.899999999997452e-06
0.00127,0.001265933333333332,4.066666666668103e-06
0.00133,0.0013251999999999962,4.800000000003803e-06
0.00138,0.001375033333333331,4.966666666668829e-06
0.00127,0.0012810333333333355,-1.1033333333335463e-05
0.00133,0.0013405000000000027,-1.0500000000002695e-05
0.00138,0.0013962666666666721,-1.6266666666672194e-05
0.00128,0.0012819000000000027,-1.900000000002594e-06
0.00134,0.001341233333333337,-1.2333333333368508e-06
0.00139,0.00139823333333334,-8.233333333339948e-06
0.00128,0.0012821000000000041,-2.1000000000040084e-06
0.00134,0.0013415666666666706,-1.5666666666705898e-06
0.0014,0.0013915666666666705,8.433333333329436e-06
0.00129,0.0012926666666666729,-2.6666666666729476e-06
0.00135,0.0013520666666666705,-2.0666666666704393e-06
0.0014,0.0014091333333333396,-9.13333333333959e-06
0.00129,0.0012918333333333393,-1.833333333339359e-06
0.00135,0.0013509000000000027,-9.000000000026782e-07
0.00141,0.0014016000000000063,8.399999999993699e-06
0.0013,0.0012998333333333366,1.6666666666329162e-07
0.00136,0.0013588333333333347,1.166666666665376e-06
0.00141,0.0014153333333333316,-5.333333333331584e-06
0.0013,0.0013142999999999987,-1.4299999999998775e-05
0.00136,0.0013684666666666666,-8.466666666666475e-06
0.00142,0.0014213333333333313,-1.3333333333312696e-06
0.00131,0.0013137333333333317,-3.7333333333317616e-06
0.00137,0.001367366666666666,2.6333333333339575e-06
0.00142,0.0014207999999999977,-7.999999999976342e-07
0.00132,0.0013224666666666622,-2.466666666662209e-06
0.00137,0.0013811333333333309,-1.1133333333330966e-05
0.00143,0.0014384999999999986,-8.499999999998526e-06
0.00132,0.001322566666666663,-2.5666666666629163e-06
0.00138,0.001376099999999999,3.900000000000908e-06
0.00144,0.0014314666666666615,8.5333333333386e-06
0.00133,0.0013254999999999962,4.50000000000385e-06
0.00139,0.0013842333333333324,5.766666666667548e-06
0.00144,0.0014425333333333355,-2.5333333333354188e-06
0.00133,0.001331233333333333,-1.2333333333329477e-06
0.00139,0.0013894000000000027,5.999999999973041e-07
0.00145,0.0014399666666666657,1.0033333333334246e-05
0.00134,0.0013416666666666696,-1.6666666666695622e-06
0.0014,0.0014012333333333394,-1.233333333339453e-06
0.00145,0.001460300000000005,-1.0300000000005183e-05
0.00134,0.0013406000000000039,-6.000000000038093e-07
0.0014,0.0013997666666666737,2.3333333332630976e-07
0.00146,0.001450133333333338,9.866666666661847e-06
0.00135,0.0013484000000000033,1.5999999999967863e-06
0.00141,0.0014079666666666714,2.0333333333286303e-06
0.00146,0.0014662333333333413,-6.233333333341418e-06
0.00135,0.001352566666666669,-2.566666666668988e-06
0.00141,0.001411733333333337,-1.7333333333369172e-06
0.00147,0.0014633666666666698,6.633333333330152e-06
0.00136,0.0013640000000000037,-4.000000000003567e-06
0.00142,0.0014237666666666604,-3.7666666666603434e-06
0.00147,0.001480999999999995,-1.0999999999994955e-05
0.00136,0.0013621666666666689,-2.1666666666687612e-06
0.00142,0.0014217999999999948,-1.7999999999947312e-06
0.00148,0.0014730666666666718,6.933333333328153e-06
0.00137,0.0013618000000000059,8.19999999999402e-06
0.00143,0.0014209333333333265,9.066666666673537e-06
0.00148,0.001478066666666664,1.9333333333359463e-06
0.00137,0.0013798999999999964,-9.8999999999965e-06
0.00143,0.0014393999999999974,-9.399999999997301e-06
0.00149,0.001497933333333333,-7.933333333333056e-06
0.00138,0.001376999999999997,3.0000000000030003e-06
0.00144,0.0014362666666666612,3.7333333333389174e-06
0.0015,0.0014958999999999977,4.100000000002322e-06
0.00138,0.0013868,-6.800000000000165e-06
0.00144,0.001446500000000002,-6.500000000001947e-06
0.0015,0.0015059666666666703,-5.966666666670263e-06
0.00139,0.0013838666666666645,6.133333333335506e-06
0.00145,0.001443533333333333,6.46666666666686e-06
0.00151,0.0015035333333333362,6.466666666663824e-06
0.00139,0.0014002333333333384,-1.0233333333338479e-05
0.00145,0.0014598333333333377,-9.833333333337819e-06
0.00151,0.0015192666666666705,-9.266666666670397e-06
0.0014,0.0013948333333333375,5.166666666662437e-06
0.00146,0.0014543000000000062,5.6999999999936875e-06
0.00152,0.0015141666666666732,5.8333333333268796e-06
0.0014,0.0014096333333333386,-9.633333333338573e-06
0.00146,0.0014697000000000082,-9.700000000008313e-06
0.00152,0.0015289666666666606,-8.96666666666047e-06
0.00141,0.001401433333333339,8.56666666666111e-06
0.00147,0.0014612000000000028,8.799999999997178e-06
0.00153,0.001520333333333338,9.66666666666195e-06
0.00141,0.0014156333333333292,-5.6333333333291515e-06
0.00147,0.0014764999999999967,-6.499999999996743e-06
0.00153,0.001534966666666666,-4.96666666666601e-06
0.00142,0.00141276666666667,7.233333333330058e-06
0.00148,0.0014736000000000068,6.399999999993217e-06
0.00154,0.0015312666666666597,8.733333333340232e-06
0.00142,0.0014298333333333257,-9.833333333325676e-06
0.00149,0.0014917333333333309,-1.7333333333308457e-06
0.00154,0.0015509666666666652,-1.0966666666665289e-05
0.00143,0.0014236666666666608,6.333333333339306e-06
0.00149,0.0014907333333333296,-7.333333333296287e-07
0.00155,0.001543733333333333,6.2666666666669636e-06
0.00143,0.0014378333333333307,-7.833333333330614e-06
0.0015,0.0015003000000000015,-3.0000000000147097e-07
0.00156,0.0015585333333333372,1.466666666662727e-06
0.00144,0.0014331666666666603,6.833333333339806e-06
0.0015,0.0015009000000000025,-9.000000000024613e-07
0.00156,0.0015601000000000041,-1.0000000000417661e-07
0.00144,0.0014445999999999992,-4.599999999999136e-06
0.00151,0.0015084000000000033,1.5999999999967863e-06
0.00157,0.0015672333333333391,2.766666666660861e-06
0.00145,0.0014445999999999997,5.40000000000024e-06
0.00151,0.0015087333333333366,1.266666666663481e-06
0.00157,0.0015675666666666727,2.433333333327339e-06
0.00145,0.0014607000000000053,-1.070000000000541e-05
0.00152,0.0015220666666666699,-2.066666666669789e-06
0.00158,0.0015875666666666614,-7.5666666666614115e-06
0.00146,0.0014573000000000056,2.6999999999943736e-06
0.00152,0.001522033333333333,-2.033333333332967e-06
0.00159,0.001581533333333336,8.46666666666409e-06
0.00147,0.0014588333333333378,1.116666666666215e-05
0.00153,0.001520700000000005,9.29999999999486e-06
0.00159,0.0015854999999999977,4.500000000002332e-06
0.00147,0.0014735333333333346,-3.533333333334684e-06
0.00154,0.001534966666666663,5.033333333336835e-06
0.0016,0.0015946333333333295,5.366666666670574e-06
0.00148,0.0014716333333333403,8.366666666659696e-06
0.00154,0.0015395333333333306,4.6666666666931624e-07
0.0016,0.0015998999999999955,1.0000000000461029e-07
0.00148,0.0014940333333333315,-1.4033333333331524e-05
0.00155,0.0015581333333333366,-8.133333333336639e-06
0.00161,0.0016180333333333382,-8.0333333333381e-06
0.00149,0.0014858666666666635,4.133333333336542e-06
0.00156,0.0015514999999999993,8.500000000000695e-06
0.00162,0.0016112333333333352,8.766666666664693e-06
0.0015,0.001491366666666664,8.633333333336055e-06
0.00156,0.001560233333333337,-2.3333333333693494e-07
0.00162,0.001619800000000004,1.9999999999599331e-07
0.0015,0.001509000000000005,-9.00000000000488e-06
0.00157,0.0015747333333333423,-4.733333333342303e-06
0.00163,0.0016346666666666601,-4.666666666660203e-06
0.00151,0.001503766666666668,6.2333333333320935e-06
0.00158,0.0015707333333333348,9.266666666665193e-06
0.00164,0.001630700000000005,9.29999999999486e-06
0.00152,0.0015108333333333352,9.16666666666492e-06
0.00158,0.0015763333333333315,3.6666666666685267e-06
0.00164,0.0016352333333333358,4.766666666664162e-06
0.00152,0.0015321999999999968,-1.2199999999996719e-05
0.00159,0.0015962666666666648,-6.266666666664795e-06
0.00165,0.0016581666666666637,-8.166666666663703e-06
0.00153,0.0015251000000000038,4.899999999996053e-06
0.0016,0.0015913666666666627,8.633333333337356e-06
0.00166,0.0016530666666666638,6.933333333336176e-06
0.00154,0.0015292999999999954,1.0700000000004543e-05
0.0016,0.0015967666666666636,3.2333333333364658e-06
0.00167,0.0016557999999999976,1.4200000000002405e-05
0.00154,0.0015429999999999966,-2.999999999996712e-06
0.00161,0.0016078666666666662,2.133333333333891e-06
0.00167,0.0016726000000000026,-2.600000000002557e-06
0.00155,0.001544133333333332,5.866666666668038e-06
0.00162,0.0016116333333333344,8.366666666665551e-06
0.00168,0.0016726666666666702,7.333333333329898e-06
0.00156,0.0015491333333333317,1.0866666666668268e-05
0.00163,0.001617166666666672,1.2833333333328025e-05
0.00169,0.0016795,1.0500000000000093e-05
0.00156,0.0015653333333333365,-5.333333333336571e-06
0.00163,0.001633166666666666,-3.166666666666075e-06
0.0017,0.0016931000000000008,6.899999999999138e-06
0.00157,0.001576800000000001,-6.800000000001033e-06
0.00164,0.0016421333333333373,-2.1333333333373606e-06
0.0017,0.0017072999999999993,-7.299999999999364e-06
0.00158,0.0015785333333333332,1.4666666666668469e-06
0.00165,0.0016444666666666698,5.533333333330179e-06
0.00171,0.0017097666666666671,2.3333333333281497e-07
0.00159,0.0015839666666666646,6.03333333333545e-06
0.00166,0.0016488333333333344,1.1166666666665619e-05
0.00172,0.001712833333333336,7.166666666664004e-06
0.00159,0.0015986000000000012,-8.600000000001185e-06
0.00166,0.001664666666666665,-4.666666666664973e-06
0.00173,0.001723866666666668,6.133333333332037e-06
0.0016,0.0016037666666666674,-3.7666666666672823e-06
0.00167,0.0016698333333333333,1.6666666666676107e-07
0.00173,0.001728600000000002,1.399999999997974e-06
0.00161,0.0016170000000000043,-7.000000000004182e-06
0.00168,0.0016859666666666714,-5.966666666671347e-06
0.00174,0.0017459999999999945,-5.999999999994508e-06
0.00162,0.0016162000000000017,3.7999999999982492e-06
0.00169,0.0016835333333333335,6.466666666666643e-06
0.00175,0.0017429333333333352,7.066666666664815e-06
0.00163,0.00161786666666667,1.2133333333330014e-05
0.0017,0.0016845666666666737,1.5433333333326246e-05
0.00176,0.00174393333333333,1.606666666667013e-05
0.00164,0.0016384999999999941,1.500000000005837e-06
0.00171,0.0017051999999999983,4.8000000000016346e-06
0.00177,0.0017701666666666686,-1.666666666684958e-07
0.00164,0.0016447666666666594,-4.766666666659392e-06
0.00171,0.0017137666666666629,-3.7666666666629454e-06
0.00178,0.001773633333333333,6.366666666666803e-06
0.00165,0.0016551333333333289,-5.133333333328868e-06
0.00172,0.0017228333333333358,-2.8333333333358055e-06
0.00178,0.001784200000000004,-4.200000000004114e-06
0.00166,0.001656433333333332,3.5666666666680363e-06
0.00173,0.0017228666666666674,7.133333333332603e-06
0.00179,0.0017825000000000035,7.499999999996442e-06
0.00167,0.001672866666666667,-2.8666666666669893e-06
0.00174,0.0017396666666666652,3.333333333348232e-07
0.0018,0.001798766666666665,1.2333333333348993e-06
0.00168,0.0016718333333333379,8.166666666662185e-06
0.00175,0.0017374000000000022,1.2599999999997813e-05
0.00181,0.0017952000000000046,1.4799999999995372e-05
0.00169,0.0016947999999999978,-4.7999999999977314e-06
0.00176,0.0017604666666666635,-4.6666666666346154e-07
0.00182,0.0018187666666666636,1.2333333333364171e-06
0.0017,0.0016937666666666717,6.23333333332819e-06
0.00177,0.0017544999999999974,1.5500000000002708e-05
0.00183,0.001810333333333331,1.9666666666669132e-05
0.00171,0.001711533333333332,-1.5333333333320334e-06
0.00178,0.0017689999999999987,1.1000000000001243e-05
0.00184,0.001823133333333334,1.686666666666603e-05
0.00172,0.0017292333333333342,-9.233333333334226e-06
0.00179,0.001787700000000002,2.2999999999978333e-06
0.00185,0.001843633333333328,6.3666666666720075e-06
0.00173,0.0017354666666666684,-5.466666666668462e-06
0.0018,0.0017956333333333325,4.366666666667405e-06
0.00186,0.0018518333333333362,8.16666666666392e-06
0.00174,0.0017419000000000026,-1.900000000002594e-06
0.00181,0.0017994333333333382,1.056666666666181e-05
0.00187,0.0018550666666666596,1.4933333333340274e-05
0.00175,0.0017524999999999995,-2.4999999999994645e-06
0.00182,0.00180833333333333,1.1666666666670022e-05
0.00188,0.001862599999999999,1.7400000000000965e-05
0.00176,0.0017638666666666622,-3.866666666662135e-06
0.00183,0.0018241333333333313,5.8666666666686886e-06
0.00189,0.0018808999999999998,9.100000000000167e-06
0.00177,0.0017692333333333321,7.666666666679683e-07
0.00184,0.0018232333333333343,1.6766666666665755e-05
0.0019,0.0018768333333333324,2.3166666666667645e-05
0.00178,0.0017951666666666689,-1.5166666666668969e-05
0.00185,0.0018505333333333318,-5.333333333316839e-07
0.00191,0.0019021000000000005,7.899999999999487e-06
0.0018,0.001803033333333333,-3.0333333333331e-06
0.00187,0.0018582333333333368,1.176666666666314e-05
0.00192,0.001912700000000003,7.299999999996979e-06
0.00181,0.0018254333333333306,-1.5433333333330582e-05
0.00188,0.0018829666666666679,-2.9666666666679133e-06
0.00194,0.0019387333333333375,1.2666666666626136e-06
0.00182,0.001825933333333328,-5.93333333332802e-06
0.00189,0.0018850999999999987,4.9000000000012575e-06
0.00195,0.0019404000000000031,9.599999999996764e-06
0.00183,0.0018390333333333315,-9.033333333331511e-06
0.0019,0.0018983666666666642,1.6333333333357763e-06
0.00196,0.001951333333333342,8.666666666657915e-06
0.00185,0.0018817999999999997,-3.179999999999958e-05
0.00192,0.0019239666666666685,-3.96666666666848e-06
0.00197,0.001975400000000004,-5.400000000003926e-06
0.00186,0.0018877333333333338,-2.7733333333333646e-05
0.00193,0.0019379000000000017,-7.900000000001656e-06
0.00199,0.0019918000000000028,-1.8000000000027543e-06
0.00187,0.0018801333333333255,-1.0133333333325629e-05
0.00194,0.0019417666666666615,-1.766666666661379e-06
0.002,0.001996033333333336,3.966666666663926e-06
0.00189,0.0019204666666666665,-3.0466666666666576e-05
0.00196,0.0019671666666666674,-7.166666666667473e-06
0.00201,0.0020173666666666685,-7.366666666668454e-06
0.0019,0.0019251,-2.5099999999999905e-05
0.00197,0.001975233333333334,-5.233333333333912e-06
0.00203,0.0020247333333333344,5.266666666665747e-06
0.00192,0.0019509333333333396,-3.093333333333958e-05
0.00199,0.0019970333333333367,-7.0333333333366665e-06
0.00204,0.0020531666666666628,-1.3166666666662632e-05
0.00194,0.001952433333333335,-1.2433333333334955e-05
0.002,0.002006433333333339,-6.433333333338929e-06
0.00206,0.0020574333333333358,2.566666666664434e-06
0.00196,0.001979633333333342,-1.963333333334207e-05
0.00202,0.002035999999999998,-1.5999999999997787e-05
0.00207,0.0020874333333333324,-1.7433333333332583e-05
0.00197,0.0020038333333333297,-3.383333333332973e-05
0.00204,0.002057366666666671,-1.736666666667065e-05
0.00209,0.002106766666666668,-1.676666666666814e-05
0.00199,0.0020212666666666644,-3.126666666666443e-05
0.00206,0.0020772333333333353,-1.723333333333507e-05
0.00211,0.0021269333333333315,-1.693333333333165e-05
0.00201,0.002056633333333332,-4.6633333333331774e-05
0.00208,0.002102466666666661,-2.2466666666661177e-05
0.00213,0.002152899999999995,-2.2899999999994973e-05
0.00204,0.0021452666666666627,-0.00010526666666666254
0.0021,0.0021695666666666632,-6.956666666666335e-05
0.00215,0.00221953333333333,-6.953333333332978e-05
0.00206,0.0021853666666666652,-0.00012536666666666503
0.00212,0.002207366666666661,-8.736666666666129e-05
0.00217,0.0022552666666666612,-8.526666666666119e-05
0.00209,0.0022061333333333317,-0.00011613333333333189
0.00215,0.002231366666666662,-8.13666666666618e-05
0.00219,0.0022775333333333292,-8.753333333332914e-05
0.00211,0.002216399999999997,-0.00010639999999999695
0.00217,0.002246866666666662,-7.686666666666207e-05
0.00221,0.0022910666666666633,-8.106666666666314e-05
0.00214,0.0022161333333333326,-7.613333333333265e-05
0.0022,0.002253133333333331,-5.31333333333309e-05
0.00224,0.002295499999999998,-5.549999999999826e-05
0.00218,0.0022495666666666673,-6.956666666666726e-05
0.00223,0.002284533333333339,-5.4533333333338634e-05
0.00227,0.0023270000000000014,-5.7000000000001494e-05
0.00221,0.0023010999999999917,-9.109999999999153e-05
0.00226,0.002323900000000003,-6.390000000000302e-05
0.0023,0.0023667333333333425,-6.673333333334251e-05
0.00225,0.002321799999999992,-7.17999999999921e-05
0.00229,0.002354866666666675,-6.486666666667522e-05
0.00233,0.0023885333333333336,-5.853333333333353e-05
0.00228,0.002417833333333332,-0.00013783333333333226
0.00233,0.0024341999999999953,-0.00010419999999999527
0.00236,0.002471800000000001,-0.00011180000000000087
0.00232,0.0024140666666666666,-9.40666666666666e-05
0.00236,0.0024384333333333282,-7.84333333333281e-05
0.00239,0.0024725000000000025,-8.250000000000228e-05
0.00236,0.002470166666666674,-0.00011016666666667377
0.0024,0.0024841999999999976,-8.419999999999782e-05
0.00243,0.0025162666666666603,-8.626666666666045e-05
0.00241,0.0024993333333333304,-8.933333333333059e-05
0.00244,0.0025123666666666705,-7.236666666667058e-05
0.00247,0.00254416666666667,-7.416666666666986e-05
0.00245,0.0025417666666666585,-9.176666666665858e-05
0.00248,0.0025493999999999985,-6.939999999999854e-05
0.00251,0.002580233333333341,-7.02333333333408e-05
0.0025,0.0026208000000000095,-0.00012080000000000944
0.00252,0.002617300000000005,-9.730000000000502e-05
0.00255,0.002648699999999993,-9.86999999999928e-05
0.00255,0.0026399333333333233,-8.993333333332312e-05
0.00256,0.00263526666666667,-7.526666666666983e-05
0.00259,0.002665133333333338,-7.513333333333816e-05
0.00259,0.002725066666666675,-0.00013506666666667508
0.0026,0.0027066000000000047,-0.00010660000000000487
0.00263,0.0027344999999999978,-0.00010449999999999782
0.00264,0.0027346000000000085,-9.460000000000848e-05
0.00264,0.002719966666666672,-7.996666666667184e-05
0.00267,0.0027493666666666664,-7.93666666666663e-05
0.00268,0.002800833333333333,-0.00012083333333333304
0.00268,0.0027776333333333334,-9.763333333333334e-05
0.00271,0.002809900000000008,-9.99000000000078e-05
0.00272,0.0027968333333333313,-7.68333333333311e-05
0.00272,0.002776700000000002,-5.6700000000001975e-05
0.00275,0.0028093333333333408,-5.933333333334092e-05
0.00276,0.0028337000000000024,-7.37000000000025e-05
0.00275,0.0028088999999999957,-5.889999999999585e-05
0.00278,0.002844700000000008,-6.470000000000824e-05
0.0028,0.0028373333333333328,-3.7333333333332795e-05
0.00278,0.002811899999999993,-3.189999999999313e-05
0.00282,0.002848600000000008,-2.860000000000796e-05
0.00283,0.0028663999999999938,-3.639999999999373e-05
0.00281,0.00283463333333333,-2.4633333333330155e-05
0.00285,0.0028731333333333457,-2.313333333334557e-05
0.00286,0.0028831999999999938,-2.3199999999993625e-05
0.00283,0.002847633333333324,-1.7633333333324022e-05
0.00287,0.002884233333333342,-1.4233333333342046e-05
0.00289,0.002922233333333338,-3.223333333333793e-05
0.00286,0.002882666666666666,-2.266666666666606e-05
0.0029,0.002922866666666678,-2.2866666666678317e-05
0.00292,0.0029505333333333245,-3.053333333332461e-05
0.00288,0.002903366666666657,-2.33666666666567e-05
0.00292,0.0029436999999999974,-2.3699999999997595e-05
0.00294,0.00297076666666666,-3.0766666666660024e-05
0.0029,0.002920499999999994,-2.0499999999994047e-05
0.00294,0.0029652999999999945,-2.5299999999994598e-05
0.00296,0.0029750000000000098,-1.5000000000009797e-05
0.00291,0.002927233333333336,-1.7233333333336372e-05
0.00296,0.0029641666666666753,-4.166666666675315e-06
0.00297,0.0029899333333333377,-1.9933333333337685e-05
0.00293,0.002936266666666674,-6.266666666674119e-06
0.00297,0.0029789333333333254,-8.933333333325383e-06
0.00299,0.0030088333333333304,-1.883333333333034e-05
0.00294,0.002952133333333335,-1.2133333333335002e-05
0.00298,0.002994899999999999,-1.4899999999999115e-05
0.00301,0.0030188666666666805,-8.866666666680362e-06
0.00295,0.0029622666666666766,-1.226666666667665e-05
0.003,0.0029991666666666574,8.333333333426958e-07
0.00302,0.0030378666666666656,-1.786666666666551e-05
0.00297,0.002973833333333334,-3.833333333333987e-06
0.00301,0.0030160999999999947,-6.099999999994565e-06
0.00304,0.003043700000000007,-3.7000000000066494e-06
0.00298,0.0029884666666666684,-8.466666666668426e-06
0.00303,0.003025333333333328,4.666666666672346e-06
0.00305,0.00306563333333334,-1.5633333333339803e-05
0.003,0.0029999666666666656,3.3333333334436416e-08
0.00304,0.003042566666666661,-2.5666666666609647e-06
0.00307,0.003089766666666666,-1.976666666666637e-05
0.00301,0.003020966666666675,-1.096666666667483e-05
0.00306,0.003060966666666672,-9.666666666722015e-07
0.00308,0.003090466666666675,-1.0466666666675197e-05
0.00302,0.0030309666666666637,-1.0966666666663554e-05
0.00307,0.0030712666666666546,-1.2666666666548074e-06
0.00309,0.0030978999999999907,-7.899999999990814e-06
0.00304,0.0030321000000000063,7.89999999999385e-06
0.00308,0.0030745333333333357,5.466666666664125e-06
0.00311,0.003120033333333346,-1.0033333333346172e-05
0.00305,0.0030533333333333437,-3.3333333333434613e-06
0.0031,0.003083366666666659,1.6633333333340803e-05
0.00312,0.0031443666666666663,-2.4366666666666374e-05
0.00307,0.003082333333333336,-1.2333333333335982e-05
0.00311,0.003121433333333338,-1.1433333333338291e-05
0.00314,0.003148433333333332,-8.433333333331822e-06
0.00308,0.00309043333333334,-1.0433333333340327e-05
0.00312,0.0031325999999999962,-1.2599999999996295e-05
0.00315,0.0031590000000000116,-9.000000000011603e-06
0.00309,0.0030907666666666633,-7.666666666634146e-07
0.00314,0.0031257333333333387,1.4266666666661303e-05
0.00317,0.0031834666666666796,-1.3466666666679498e-05
0.00311,0.0031079666666666635,2.0333333333364366e-06
0.00315,0.003141366666666676,8.633333333324129e-06
0.00318,0.003192700000000012,-1.2700000000011747e-05
0.00312,0.0031169666666666664,3.0333333333335336e-06
0.00316,0.0031517666666666796,8.233333333320433e-06
0.00319,0.003188333333333322,1.666666666678019e-06
0.00312,0.003123133333333332,-3.1333333333320723e-06
0.00316,0.0031625000000000112,-2.500000000011174e-06
0.0032,0.0032081666666666704,-8.166666666670208e-06
0.00313,0.0031305000000000005,-5.000000000005e-07
0.00317,0.0031626666666666747,7.333333333325344e-06
0.00321,0.0032214333333333268,-1.1433333333326582e-05
0.00314,0.0031418333333333302,-1.8333333333302518e-06
0.00318,0.0031716666666666638,8.333333333336319e-06
0.00322,0.003224099999999995,-4.099999999994733e-06
0.00315,0.0031461333333333294,3.8666666666705915e-06
0.00318,0.0031790999999999864,9.00000000013737e-07
0.00323,0.0032268999999999935,3.1000000000063095e-06
0.00315,0.0031487333333333227,1.2666666666773588e-06
0.00318,0.0031833999999999994,-3.3999999999993237e-06
0.00323,0.0032298999999999856,1.0000000001415127e-07
0.00315,0.003149133333333323,8.666666666771322e-07
0.00319,0.003179399999999985,1.0600000000015111e-05
0.00323,0.003221566666666655,8.433333333344832e-06
0.00315,0.0031405333333333224,9.466666666677667e-06
0.00318,0.0031757333333333384,4.266666666661711e-06
0.00324,0.00322019999999999,1.9800000000009914e-05
0.00315,0.0031382666666666557,1.1733333333344316e-05
0.00318,0.003170266666666662,9.733333333337979e-06
0.00323,0.0032308999999999975,-8.999999999976908e-07
0.00315,0.0031436666666666622,6.333333333337788e-06
0.00318,0.0031729666666666617,7.033333333338401e-06
0.00323,0.0032085666666666693,2.143333333333051e-05
0.00314,0.003122899999999987,1.7100000000012938e-05
0.00317,0.0031532333333333324,1.6766666666667707e-05
0.00323,0.0032052666666666733,2.4733333333326526e-05
0.00314,0.0031177333333333194,2.226666666668058e-05
0.00316,0.0031480666666666695,1.1933333333330551e-05
0.00322,0.0031983333333333443,2.1666666666655954e-05
0.00313,0.0031085999999999852,2.1400000000014723e-05
0.00315,0.0031389000000000052,1.1099999999994795e-05
0.00321,0.0031766666666666605,3.333333333333964e-05
0.00311,0.003092966666666664,1.7033333333335825e-05
0.00314,0.003120666666666662,1.9333333333338212e-05
0.00319,0.0031682999999999937,2.1700000000006436e-05
0.0031,0.0030853999999999973,1.4600000000002632e-05
0.00312,0.0031141666666666622,5.833333333337722e-06
0.00318,0.003157700000000017,2.2299999999982924e-05
0.00308,0.0030771000000000014,2.89999999999839e-06
0.0031,0.0030992999999999997,7.000000000001796e-07
0.00316,0.003145099999999996,1.4900000000003886e-05
0.00307,0.003064199999999998,5.800000000001984e-06
0.00308,0.003089233333333324,-9.233333333324035e-06
0.00314,0.0031302000000000053,9.799999999994709e-06
0.00305,0.003056266666666674,-6.266666666673686e-06
0.00306,0.003084799999999997,-2.4799999999997133e-05
0.00312,0.0031117000000000063,8.299999999993642e-06
0.00302,0.003045433333333331,-2.5433333333331042e-05
0.00304,0.003073566666666654,-3.3566666666653804e-05
0.00309,0.0030646999999999966,2.530000000000327e-05
0.003,0.0029984666666666724,1.5333333333276966e-06
0.00301,0.0030325999999999977,-2.2599999999997622e-05
0.00306,0.0030400666666666703,1.9933333333329445e-05
0.00297,0.0029834666666666665,-1.3466666666666488e-05
0.00298,0.0030172333333333273,-3.723333333332732e-05
0.00303,0.003010866666666668,1.9133333333332028e-05
0.00294,0.0029459333333333305,-5.9333333333306225e-06
0.00295,0.0029658666666666617,-1.5866666666661776e-05
0.003,0.0030156333333333247,-1.5633333333324624e-05
0.00291,0.0029692000000000095,-5.920000000000968e-05
0.00291,0.00299986666666667,-8.98666666666703e-05
0.00296,0.0029570000000000004,2.999999999999531e-06
0.00287,0.0029190000000000045,-4.9000000000004335e-05
0.00288,0.002951766666666664,-7.176666666666373e-05
0.00292,0.0028930000000000062,2.699999999999361e-05
0.00283,0.002850866666666665,-2.086666666666504e-05
0.00284,0.0028792000000000045,-3.920000000000442e-05
0.00287,0.0028758666666666745,-5.866666666674326e-06
0.00279,0.0028376333333333314,-4.7633333333331473e-05
0.0028,0.002868533333333328,-6.853333333332792e-05
0.00282,0.002828900000000006,-8.900000000006125e-06
0.00274,0.002793899999999995,-5.3899999999995184e-05
0.00275,0.0028232000000000027,-7.320000000000286e-05
0.00277,0.002755666666666673,1.4333333333326707e-05
0.0027,0.0027180333333333352,-1.803333333333509e-05
0.00271,0.002744899999999999,-3.4899999999998734e-05
0.00272,0.002723100000000003,-3.10000000000284e-06
0.00265,0.002712400000000005,-6.240000000000499e-05
0.00266,0.0027538666666666652,-9.386666666666519e-05
0.00266,0.0026658000000000025,-5.800000000002418e-06
0.0026,0.0026620000000000033,-6.200000000000346e-05
0.00262,0.002707866666666665,-8.786666666666526e-05
0.00261,0.0025985999999999987,1.1400000000001253e-05
0.00255,0.002583700000000002,-3.370000000000196e-05
0.00257,0.002622799999999996,-5.279999999999608e-05
0.00255,0.0025223666666666657,2.7633333333334457e-05
0.0025,0.002507300000000001,-7.300000000000882e-06
0.00252,0.0025453666666666653,-2.5366666666665205e-05
0.00249,0.0024795999999999998,1.0400000000000253e-05
0.00244,0.0024752999999999924,-3.5299999999992455e-05
0.00247,0.0025183999999999983,-4.839999999999836e-05
0.00243,0.0023936666666666624,3.633333333333743e-05
0.00239,0.0024016333333333278,-1.1633333333327563e-05
0.00242,0.002450533333333336,-3.0533333333336316e-05
0.00237,0.0023199999999999996,5.0000000000000565e-05
0.00233,0.002330966666666663,-9.666666666630942e-07
0.00237,0.002379433333333337,-9.433333333336725e-06
0.00231,0.002235266666666668,7.473333333333186e-05
0.00228,0.0022538333333333316,2.616666666666826e-05
0.00232,0.0023027333333333366,1.7266666666663436e-05
0.00225,0.0021957333333333406,5.426666666665924e-05
0.00223,0.0022150999999999968,1.4900000000003452e-05
0.00227,0.0022673999999999945,2.600000000005376e-06
0.00219,0.002137266666666666,5.2733333333334145e-05
0.00218,0.002152899999999994,2.7100000000006026e-05
0.00223,0.0022032999999999922,2.6700000000007967e-05
0.00214,0.002079066666666668,6.093333333333185e-05
0.00213,0.002094466666666663,3.553333333333698e-05
0.00218,0.0021457666666666628,3.423333333333733e-05
0.00209,0.0020298999999999964,6.010000000000347e-05
0.00209,0.0020455333333333344,4.44666666666654e-05
0.00214,0.002096099999999998,4.39000000000021e-05
0.00204,0.001955733333333336,8.426666666666409e-05
0.00204,0.0019823333333333294,5.7666666666670707e-05
0.0021,0.002029733333333334,7.02666666666657e-05
0.00199,0.0019089666666666676,8.10333333333324e-05
0.002,0.00193683333333333,6.316666666667014e-05
0.00206,0.001986333333333335,7.366666666666502e-05
0.00195,0.0018931666666666676,5.683333333333235e-05
0.00197,0.0019190333333333283,5.096666666667168e-05
0.00202,0.0019744000000000016,4.5599999999998506e-05
0.00191,0.0018519333333333328,5.806666666666725e-05
0.00193,0.0018866666666666697,4.333333333333034e-05
0.00199,0.0019435666666666692,4.6433333333330794e-05
0.00187,0.0017960000000000042,7.399999999999573e-05
0.0019,0.0018418999999999974,5.810000000000255e-05
0.00196,0.0018988666666666686,6.113333333333131e-05
0.00183,0.001784700000000007,4.529999999999313e-05
0.00186,0.0018241666666666645,3.583333333333563e-05
0.00192,0.0018881000000000037,3.1899999999996384e-05
0.0018,0.0017561999999999992,4.380000000000074e-05
0.00183,0.0018017333333333271,2.826666666667292e-05
0.0019,0.0018603999999999988,3.960000000000118e-05
0.00177,0.0017315333333333353,3.846666666666482e-05
0.00181,0.001784133333333336,2.586666666666397e-05
0.00187,0.001844733333333335,2.5266666666664932e-05
0.00174,0.0017223000000000015,1.7699999999998533e-05
0.00178,0.0017712333333333285,8.766666666671415e-06
0.00184,0.0018309999999999973,9.000000000002712e-06
0.00172,0.0016788666666666678,4.113333333333213e-05
0.00176,0.0017356333333333363,2.436666666666377e-05
0.00182,0.0017955333333333375,2.4466666666662527e-05
0.00169,0.0016719333333333345,1.8066666666665624e-05
0.00174,0.0017265666666666675,1.3433333333332485e-05
0.0018,0.0017865666666666699,1.34333333333301e-05
0.00167,0.0016545000000000064,1.54999999999936e-05
0.00172,0.001709233333333337,1.0766666666663007e-05
0.00178,0.001768500000000002,1.149999999999784e-05
0.00165,0.0016453000000000067,4.699999999993338e-06
0.0017,0.0016995666666666694,4.33333333330543e-07
0.00176,0.0017591333333333355,8.666666666645555e-07
0.00163,0.0016084000000000003,2.1599999999999658e-05
0.00168,0.0016633666666666619,1.66333333333382e-05
0.00174,0.001723533333333332,1.646666666666797e-05
0.00161,0.0015889666666666668,2.103333333333332e-05
0.00166,0.0016446333333333275,1.536666666667255e-05
0.00172,0.0017092333333333298,1.0766666666670163e-05
0.00159,0.0015686666666666679,2.133333333333219e-05
0.00164,0.0016253333333333326,1.4666666666667385e-05
0.00171,0.0016864333333333336,2.3566666666666354e-05
0.00158,0.0015539333333333349,2.6066666666665168e-05
0.00163,0.0016096999999999986,2.0300000000001307e-05
0.00169,0.0016705000000000014,1.9499999999998685e-05
0.00156,0.0015325333333333338,2.7466666666666178e-05
0.00161,0.0015928333333333309,1.7166666666669234e-05
0.00167,0.0016527333333333323,1.7266666666667773e-05
0.00155,0.0015283333333333316,2.1666666666668314e-05
0.0016,0.001588766666666663,1.1233333333337094e-05
0.00166,0.0016485666666666648,1.1433333333335256e-05
0.00153,0.0015156333333333374,1.4366666666662444e-05
0.00159,0.0015689666666666695,2.10333333333305e-05
0.00165,0.0016286000000000063,2.139999999999369e-05
0.00152,0.001500733333333336,1.9266666666664135e-05
0.00157,0.0015545333333333354,1.5466666666664585e-05
0.00163,0.0016133333333333377,1.666666666666223e-05
0.00151,0.0014852666666666672,2.4733333333332814e-05
0.00156,0.0015434333333333332,1.6566666666666726e-05
0.00162,0.0016009333333333318,1.9066666666668142e-05
0.00149,0.001476966666666666,1.3033333333333993e-05
0.00155,0.0015357666666666655,1.4233333333334456e-05
0.00161,0.001593366666666662,1.66333333333382e-05
0.00148,0.0014603333333333397,1.9666666666660242e-05
0.00154,0.0015183666666666624,2.1633333333337564e-05
0.0016,0.0015748999999999971,2.510000000000294e-05
0.00147,0.0014564000000000007,1.3599999999999246e-05
0.00153,0.0015182333333333372,1.1766666666662706e-05
0.00159,0.001573066666666669,1.6933333333330998e-05
0.00146,0.0014454666666666694,1.4533333333330506e-05
0.00152,0.0015069333333333382,1.3066666666661925e-05
0.00157,0.0015604666666666693,9.53333333333071e-06
0.00145,0.0014292666666666641,2.0733333333335753e-05
0.00151,0.0014907000000000013,1.929999999999879e-05
0.00156,0.0015445999999999984,1.5400000000001567e-05
0.00144,0.0014179333333333346,2.2066666666665504e-05
0.0015,0.0014782000000000037,2.17999999999963e-05
0.00155,0.0015348666666666615,1.5133333333338436e-05
0.00143,0.0014161999999999968,1.3800000000003263e-05
0.00149,0.001476066666666665,1.3933333333334937e-05
0.00154,0.0015303999999999956,9.600000000004353e-06
0.00142,0.0014090333333333387,1.0966666666661386e-05
0.00148,0.0014665333333333393,1.3466666666660633e-05
0.00153,0.001525433333333332,4.566666666667952e-06
0.00141,0.0014048666666666711,5.133333333328868e-06
0.00147,0.0014579000000000016,1.2099999999998397e-05
0.00153,0.001516533333333338,1.3466666666661934e-05
0.00141,0.0014029333333333363,7.06666666666373e-06
0.00146,0.0014619666666666714,-1.966666666671467e-06
0.00152,0.001520233333333327,-2.3333333332696028e-07
0.0014,0.0013862333333333333,1.3766666666666658e-05
0.00145,0.0014418999999999977,8.100000000002203e-06
0.00151,0.0014993999999999984,1.0600000000001667e-05
0.00139,0.0013801999999999992,9.80000000000078e-06
0.00144,0.0014375333333333316,2.4666666666684975e-06
0.0015,0.001492566666666666,7.433333333334074e-06
0.00138,0.0013530666666666698,2.6933333333330157e-05
0.00144,0.0014114666666666708,2.853333333332933e-05
0.00149,0.001463466666666672,2.653333333332798e-05
0.00137,0.0013531666666666698,1.6833333333330074e-05
0.00143,0.0014114333333333374,1.8566666666662655e-05
0.00148,0.001463366666666672,1.663333333332801e-05
0.00137,0.0013496666666666696,2.0333333333330322e-05
0.00142,0.0014078000000000055,1.219999999999455e-05
0.00147,0.001459166666666672,1.0833333333327977e-05
0.00136,0.0013461333333333369,1.3866666666663245e-05
0.00141,0.001403066666666673,6.933333333327069e-06
0.00147,0.0014533666666666702,1.6633333333329744e-05
0.00135,0.001353200000000005,-3.2000000000048483e-06
0.00141,0.001405866666666671,4.1333333333289524e-06
0.00146,0.0014629000000000074,-2.9000000000074973e-06
0.00135,0.0013339666666666678,1.6033333333332223e-05
0.0014,0.0013885666666666684,1.143333333333157e-05
0.00145,0.0014405666666666651,9.433333333334773e-06
0.00134,0.0013314333333333322,8.566666666667833e-06
0.00139,0.0013873666666666682,2.633333333331789e-06
0.00144,0.0014391999999999975,8.000000000026215e-07
0.00133,0.001324299999999998,5.7000000000019275e-06
0.00139,0.0013777333333333302,1.2266666666669711e-05
0.00144,0.00142876666666666,1.123333333334013e-05
0.00133,0.0013150666666666617,1.4933333333338322e-05
0.00138,0.0013686999999999985,1.1300000000001413e-05
0.00143,0.0014197666666666607,1.0233333333339346e-05
0.00132,0.001317799999999999,2.2000000000010293e-06
0.00137,0.0013702999999999999,-2.999999999999531e-07
0.00142,0.0014210666666666651,-1.0666666666651024e-06
0.00131,0.0013083999999999986,1.60000000000134e-06
0.00137,0.0013616333333333378,8.366666666662081e-06
0.00142,0.001412100000000005,7.899999999994934e-06
0.00131,0.0012879666666666698,2.20333333333302e-05
0.00136,0.001344533333333336,1.546666666666415e-05
0.00141,0.0013935000000000015,1.6499999999998504e-05
0.0013,0.0012944000000000059,5.599999999994065e-06
0.00136,0.00134906666666667,1.0933333333330202e-05
0.00141,0.0013990000000000053,1.0999999999994738e-05
0.0013,0.0012915333333333402,8.466666666659753e-06
0.00135,0.001349633333333337,3.666666666629712e-07
0.0014,0.0014002000000000055,-2.000000000055343e-07
0.00129,0.0012921000000000063,-2.1000000000063936e-06
0.00135,0.0013435666666666696,6.433333333330472e-06
0.0014,0.0013935000000000041,6.499999999995875e-06
0.00129,0.0012797666666666692,1.0233333333330673e-05
0.00134,0.0013374333333333343,2.566666666665735e-06
0.00139,0.0013818666666666646,8.133333333335338e-06
0.00128,0.0012822333333333373,-2.2333333333372004e-06
0.00134,0.0013334333333333336,6.566666666666483e-06
0.00138,0.0013828666666666654,-2.8666666666654714e-06
0.00128,0.0012751666666666675,4.8333333333326015e-06
0.00133,0.0013311666666666671,-1.1666666666671106e-06
0.00138,0.001376266666666664,3.7333333333358816e-06
0.00127,0.0012689666666666633,1.0333333333367375e-06
0.00133,0.0013214666666666606,8.533333333339468e-06
0.00137,0.0013711333333333304,-1.1333333333305058e-06
0.00127,0.00126663333333333,3.3666666666700915e-06
0.00132,0.0013251333333333297,-5.133333333329736e-06
0.00137,0.0013700666666666638,-6.66666666638855e-08
0.00126,0.0012588999999999953,1.100000000004743e-06
0.00132,0.0013094666666666637,1.0533333333336264e-05
0.00137,0.0013593666666666699,1.0633333333330032e-05
0.00126,0.00125833333333333,1.666666666669996e-06
0.00131,0.001311133333333329,-1.133333333328988e-06
0.00136,0.0013611333333333382,-1.1333333333380952e-06
0.00126,0.0012572333333333277,2.7666666666723537e-06
0.00131,0.0013074333333333318,2.5666666666681204e-06
0.00136,0.001357366666666671,2.633333333329187e-06
0.00125,0.0012545333333333292,-4.533333333329179e-06
0.0013,0.0013053000000000006,-5.300000000000617e-06
0.00135,0.0013552666666666695,-5.266666666669433e-06
0.00125,0.0012438333333333318,6.166666666668208e-06
0.0013,0.001294033333333341,5.966666666658987e-06
0.00135,0.0013441333333333375,5.866666666662617e-06
0.00125,0.0012455999999999969,4.400000000003143e-06
0.0013,0.0012957333333333402,4.266666666659759e-06
0.00135,0.0013460333333333379,3.966666666662191e-06
0.00124,0.0012406000000000001,-6.00000000000123e-07
0.00129,0.0012911000000000075,-1.100000000007562e-06
0.00134,0.001341133333333337,-1.133333333337011e-06
0.00124,0.0012411333333333333,-1.1333333333333247e-06
0.00129,0.00129113333333334,-1.1333333333400468e-06
0.00134,0.0013426333333333373,-2.63333333333721e-06
0.00124,0.0012341000000000036,5.899999999996403e-06
0.00129,0.001284666666666672,5.333333333327897e-06
0.00134,0.0013370666666666694,2.933333333330658e-06
0.00123,0.0012189666666666643,1.103333333333568e-05
0.00128,0.0012700666666666642,9.933333333335924e-06
0.00134,0.0013208999999999953,1.9100000000004747e-05
0.00123,0.0012183666666666642,1.1633333333335803e-05
0.00128,0.0012693999999999971,1.0600000000002968e-05
0.00133,0.001320333333333328,9.666666666671925e-06
0.00123,0.0012186999999999975,1.1300000000002497e-05
0.00128,0.0012696666666666642,1.0333333333335934e-05
0.00133,0.0013208999999999946,9.100000000005371e-06
0.00122,0.0012157333333333302,4.266666666669734e-06
0.00127,0.001266066666666663,3.933333333337079e-06
0.00133,0.0013176333333333266,1.2366666666673454e-05
0.00122,0.0012159666666666632,4.033333333336702e-06
0.00127,0.0012660333333333294,3.966666666670648e-06
0.00133,0.0013181666666666595,1.183333333334047e-05
0.00122,0.0012152333333333304,4.766666666669583e-06
0.00127,0.001265233333333329,4.766666666671101e-06
0.00132,0.001323699999999996,-3.699999999996024e-06
0.00121,0.0012171666666666646,-7.166666666664654e-06
0.00126,0.0012668333333333286,-6.83333333332853e-06
0.00132,0.0013193333333333282,6.666666666718148e-07
0.00121,0.0012044666666666628,5.533333333337118e-06
0.00126,0.001253199999999997,6.800000000002984e-06
0.00131,0.0013060333333333308,3.96666666666913e-06
0.00121,0.0012024666666666634,7.533333333336516e-06
0.00126,0.0012527333333333286,7.266666666671433e-06
0.00131,0.0013059999999999975,4.0000000000024825e-06
0.0012,0.0012077333333333276,-7.733333333327739e-06
0.00125,0.0012568333333333312,-6.833333333331132e-06
0.00131,0.0013077999999999963,2.2000000000036313e-06
0.0012,0.0011972666666666641,2.733333333335749e-06
0.00125,0.0012410333333333367,8.966666666663289e-06
0.0013,0.0012972666666666726,2.733333333327292e-06
0.0012,0.0011933,6.699999999999892e-06
0.00124,0.001243866666666665,-3.866666666664954e-06
0.0013,0.0012933666666666728,6.633333333327116e-06
0.00119,0.0011843000000000034,5.699999999996723e-06
0.00124,0.001233933333333336,6.066666666664031e-06
0.00129,0.001283633333333338,6.366666666661816e-06
0.00119,0.0011806000000000006,9.39999999999947e-06
0.00124,0.001230100000000003,9.899999999996934e-06
0.00129,0.0012805000000000028,9.499999999997141e-06
0.00118,0.001186633333333337,-6.633333333336874e-06
0.00123,0.0012359333333333373,-5.9333333333373445e-06
0.00128,0.0012861666666666722,-6.166666666672111e-06
0.00118,0.0011756666666666677,4.333333333332318e-06
0.00123,0.0012206999999999993,9.300000000000714e-06
0.00128,0.0012706666666666624,9.333333333337752e-06
0.00118,0.0011736333333333337,6.36666666666637e-06
0.00122,0.0012237333333333347,-3.7333333333347974e-06
0.00127,0.0012735333333333335,-3.533333333333383e-06
0.00117,0.0011727333333333343,-2.733333333334231e-06
0.00122,0.0012229666666666676,-2.9666666666676965e-06
0.00127,0.0012727999999999995,-2.7999999999994175e-06
0.00117,0.0011654666666666678,4.533333333332215e-06
0.00122,0.0012129666666666622,7.033333333337751e-06
0.00127,0.00126253333333333,7.4666666666700285e-06
0.00117,0.001159799999999997,1.0200000000002958e-05
0.00121,0.0012093999999999961,6.000000000038093e-07
0.00126,0.0012593999999999962,6.000000000038093e-07
0.00116,0.0011651000000000003,-5.100000000000287e-06
0.00121,0.0012109333333333277,-9.333333333277904e-07
0.00126,0.0012573999999999947,2.600000000005376e-06
0.00116,0.0011588666666666628,1.1333333333372279e-06
0.00121,0.0012057666666666629,4.233333333337032e-06
0.00125,0.0012553333333333292,-5.3333333333291984e-06
0.00116,0.0011505333333333323,9.466666666667692e-06
0.0012,0.0012032999999999961,-3.2999999999962313e-06
0.00125,0.0012500999999999949,-9.999999999485247e-08
0.00115,0.0011496999999999974,3.0000000000255517e-07
0.0012,0.0011977999999999986,2.200000000001246e-06
0.00125,0.0012419000000000006,8.099999999999384e-06
0.00115,0.001149299999999999,7.00000000001047e-07
0.0012,0.0011988666666666644,1.1333333333354931e-06
0.00124,0.0012446999999999988,-4.699999999998759e-06
0.00115,0.00114713333333333,2.866666666670025e-06
0.0012,0.0011961000000000003,3.899999999999607e-06
0.00124,0.0012405333333333356,-5.33333333335587e-07
0.00114,0.0011436999999999973,-3.6999999999973252e-06
0.00119,0.0011944666666666673,-4.466666666667245e-06
0.00124,0.0012361000000000034,3.899999999996571e-06
0.00114,0.0011419333333333298,-1.9333333333298747e-06
0.00119,0.00119246666666667,-2.4666666666700154e-06
0.00123,0.001233733333333337,-3.733333333336966e-06
0.00114,0.0011390333333333286,9.666666666713342e-07
0.00119,0.0011891333333333381,8.666666666619534e-07
0.00123,0.0012311333333333383,-1.133333333338312e-06
0.00114,0.0011370999999999977,2.900000000002293e-06
0.00119,0.0011871333333333366,2.86666666666352e-06
0.00123,0.0012282000000000029,1.7999999999971164e-06
0.00113,0.0011363999999999981,-6.399999999998204e-06
0.00118,0.0011864000000000024,-6.400000000002324e-06
0.00123,0.0012271000000000022,2.8999999999977395e-06
0.00113,0.0011298000000000029,1.9999999999707752e-07
0.00118,0.0011801000000000001,-1.0000000000005664e-07
0.00122,0.001221933333333333,-1.9333333333331273e-06
0.00113,0.0011291000000000035,8.999999999963898e-07
0.00118,0.0011794000000000002,5.999999999999062e-07
0.00122,0.001220599999999999,-5.999999999990388e-07
0.00113,0.00112906666666667,9.333333333299589e-07
0.00118,0.001179233333333333,7.666666666671009e-07
0.00122,0.0012196666666666651,3.333333333348232e-07
0.00113,0.001126300000000004,3.699999999996024e-06
0.00118,0.001176500000000001,3.4999999999991635e-06
0.00122,0.0012170333333333303,2.966666666669648e-06
0.00112,0.0011233000000000044,-3.3000000000044712e-06
0.00117,0.001173333333333335,-3.3333333333350045e-06
0.00121,0.0012135999999999955,-3.599999999995534e-06
0.00112,0.0011234333333333384,-3.4333333333385306e-06
0.00117,0.0011734666666666689,-3.466666666668847e-06
0.00121,0.001213699999999995,-3.699999999995157e-06
0.00112,0.001117166666666671,2.8333333333288666e-06
0.00117,0.0011680666666666686,1.9333333333313926e-06
0.00121,0.0012088333333333274,1.1666666666725316e-06
0.00112,0.0011183666666666715,1.6333333333284038e-06
0.00117,0.0011672000000000013,2.799999999998767e-06
0.00121,0.0012077333333333276,2.2666666666722873e-06
0.00112,0.0011144000000000024,5.599999999997534e-06
0.00117,0.0011649333333333329,5.066666666667151e-06
0.00121,0.0012057999999999945,4.200000000005415e-06
0.00112,0.0011115666666666676,8.433333333332255e-06
0.00116,0.001161699999999997,-1.6999999999970598e-06
0.0012,0.0012020333333333298,-2.0333333333299314e-06
0.00111,0.0011163000000000034,-6.3000000000033515e-06
0.00116,0.0011615333333333299,-1.533333333329865e-06
0.0012,0.00120153333333333,-1.5333333333300819e-06
0.00111,0.0011125333333333349,-2.5333333333347682e-06
0.00116,0.0011612999999999968,-1.2999999999968332e-06
0.0012,0.0012013666666666634,-1.3666666666635376e-06
0.00111,0.0011108333333333341,-8.333333333340222e-07
0.00116,0.0011598999999999965,1.0000000000352609e-07
0.0012,0.001198666666666664,1.3333333333358233e-06
0.00111,0.0011073999999999993,2.600000000000822e-06
0.00116,0.0011570333333333304,2.966666666669648e-06
0.0012,0.001194666666666669,5.333333333330933e-06
0.00111,0.0011085999999999993,1.400000000000793e-06
0.00116,0.0011530333333333313,6.966666666668661e-06
0.00119,0.0011935333333333367,-3.5333333333366357e-06
0.00111,0.0011083666666666658,1.6333333333342585e-06
0.00115,0.001155866666666664,-5.866666666663918e-06
0.00119,0.0011912000000000042,-1.2000000000041491e-06
0.00111,0.0011062333333333309,3.766666666669234e-06
0.00115,0.001151699999999999,-1.6999999999990113e-06
0.00119,0.0011905000000000045,-5.000000000044032e-07
0.0011,0.0011057666666666644,-5.766666666664295e-06
0.00115,0.0011505666666666657,-5.666666666656866e-07
0.00119,0.0011905333333333383,-5.333333333381891e-07
0.0011,0.001101399999999995,-1.3999999999949383e-06
0.00115,0.0011499333333333328,6.666666666713811e-08
0.00119,0.0011902000000000045,-2.000000000044501e-07
0.0011,0.00110373333333333,-3.733333333330027e-06
0.00115,0.0011504666666666658,-4.666666666658468e-07
0.00119,0.0011902000000000037,-2.0000000000358273e-07
0.0011,0.001098233333333328,1.7666666666720041e-06
0.00115,0.0011424666666666626,7.5333333333373834e-06
0.00118,0.0011833333333333346,-3.333333333334571e-06
0.0011,0.0010980666666666613,1.933333333338765e-06
0.00114,0.001144499999999997,-4.499999999997128e-06
0.00118,0.0011808,-8.000000000000194e-07
0.0011,0.0010959333333333291,4.066666666670922e-06
0.00114,0.001141966666666662,-1.9666666666621428e-06
0.00118,0.0011804666666666666,-4.666666666664973e-07
0.00109,0.0010959999999999954,-5.999999999995375e-06
0.00114,0.0011409999999999949,-9.999999999949286e-07
0.00118,0.0011803666666666667,-3.666666666666575e-07
0.00109,0.0010926666666666634,-2.6666666666634066e-06
0.00114,0.001137799999999996,2.200000000003848e-06
0.00118,0.0011787333333333344,1.2666666666656494e-06
0.00109,0.0010921333333333298,-2.133333333329771e-06
0.00114,0.0011372999999999967,2.700000000003264e-06
0.00117,0.0011791333333333349,-9.13333333333482e-06
0.00109,0.0010858333333333314,4.166666666668593e-06
0.00113,0.0011344999999999992,-4.499999999999296e-06
0.00117,0.001171500000000003,-1.500000000003018e-06
0.00109,0.0010883666666666651,1.633333333334909e-06
0.00113,0.0011320000000000017,-2.0000000000017833e-06
0.00117,0.0011704000000000026,-4.000000000026118e-07
0.00109,0.0010813666666666683,8.633333333331718e-06
0.00113,0.0011300333333333363,-3.333333333638798e-08
0.00117,0.0011689000000000024,1.0999999999975873e-06
0.00108,0.0010848999999999995,-4.899999999999523e-06
0.00113,0.0011288000000000032,1.1999999999967766e-06
0.00117,0.0011655333333333334,4.4666666666665945e-06
0.00108,0.001081300000000003,-1.3000000000029047e-06
0.00113,0.0011285000000000034,1.4999999999965128e-06
0.00116,0.0011639999999999986,-3.999999999998579e-06
0.00108,0.0010803000000000034,-3.0000000000342253e-07
0.00113,0.0011283666666666702,1.6333333333297048e-06
0.00116,0.0011629333333333315,-2.9333333333315253e-06
0.00108,0.0010795000000000028,4.999999999972474e-07
0.00112,0.0011253333333333376,-5.333333333337655e-06
0.00116,0.001161966666666664,-1.9666666666640943e-06
0.00108,0.0010786000000000036,1.3999999999964562e-06
0.00112,0.0011228000000000045,-2.8000000000046217e-06
0.00116,0.0011609666666666635,-9.66666666663528e-07
0.00108,0.0010776333333333361,2.366666666663887e-06
0.00112,0.0011201666666666725,-1.6666666667261576e-07
0.00116,0.0011584999999999966,1.5000000000034517e-06
0.00108,0.001071666666666668,8.333333333331982e-06
0.00112,0.0011195000000000053,4.999999999946454e-07
0.00116,0.0011541333333333309,5.866666666669122e-06
0.00107,0.0010717666666666698,-1.7666666666698357e-06
0.00112,0.00111646666666667,3.5333333333299136e-06
0.00115,0.0011560333333333307,-6.033333333330679e-06
0.00107,0.0010715000000000013,-1.5000000000012833e-06
0.00112,0.001113733333333335,6.266666666664795e-06
0.00115,0.0011536999999999986,-3.6999999999986263e-06
0.00107,0.0010702000000000003,-2.0000000000033012e-07
0.00111,0.0011169666666666705,-6.966666666670396e-06
0.00115,0.0011513666666666661,-1.3666666666661397e-06
0.00107,0.0010668000000000008,3.1999999999992104e-06
0.00111,0.0011103666666666668,-3.666666666666575e-07
0.00115,0.0011487666666666655,1.2333333333344656e-06
0.00107,0.0010673000000000002,2.6999999999997946e-06
0.00111,0.0011097999999999998,2.0000000000033012e-07
0.00115,0.001148599999999999,1.4000000000010098e-06
0.00107,0.0010660666666666675,3.9333333333325254e-06
0.00111,0.0011099,1.0000000000005664e-07
0.00115,0.0011460333333333302,3.966666666669781e-06
0.00107,0.001063666666666669,6.333333333331066e-06
0.00111,0.0011093333333333328,6.666666666672611e-07
0.00114,0.0011445333333333298,-4.5333333333298295e-06
0.00106,0.001061700000000003,-1.7000000000031313e-06
0.00111,0.001107933333333332,2.066666666668054e-06
0.00114,0.001142333333333329,-2.333333333329017e-06
0.00106,0.0010609666666666702,-9.6666666667025e-07
0.00111,0.00110393333333333,6.066666666670103e-06
0.00114,0.0011407999999999946,-7.999999999945984e-07
0.00106,0.0010603333333333374,-3.3333333333742526e-07
0.0011,0.001103866666666663,-3.866666666663002e-06
0.00114,0.0011402333333333278,-2.3333333332782764e-07
0.00106,0.001060000000000004,-4.119968255444917e-18
0.0011,0.001100766666666661,-7.666666666610294e-07
0.00114,0.0011399999999999943,5.637851296924623e-18
0.00106,0.001060100000000004,-1.0000000000395977e-07
0.0011,0.0011015666666666615,-1.5666666666614825e-06
0.00114,0.0011400333333333277,-3.333333332771436e-08
0.00106,0.001060000000000004,-4.119968255444917e-18
0.0011,0.0011005333333333278,-5.333333333277807e-07
0.00114,0.0011399999999999943,5.637851296924623e-18
0.00106,0.001060000000000004,-4.119968255444917e-18
0.0011,0.0011000999999999943,-9.999999999420195e-08
0.00114,0.0011399999999999943,5.637851296924623e-18
0.00106,0.0010599333333333374,6.666666666258446e-08
0.0011,0.0010999666666666609,3.3333333339206905e-08
0.00114,0.0011399999999999943,5.637851296924623e-18
0.00106,0.001059900000000004,9.999999999593667e-08
0.0011,0.0010999999999999942,5.854691731421724e-18
0.00114,0.0011400999999999944,-9.999999999441879e-08
0.00106,0.001060000000000004,-4.119968255444917e-18
0.0011,0.0010999999999999942,5.854691731421724e-18
0.00114,0.0011399999999999943,5.637851296924623e-18
0.00106,0.001060000000000004,-4.119968255444917e-18
0.0011,0.0011000999999999943,-9.999999999420195e-08
0.00114,0.0011399999999999943,5.637851296924623e-18
0.00106,0.001060000000000004,-4.119968255444917e-18
0.0011,0.001100166666666661,-1.6666666666090638e-07
0.00114,0.0011400333333333277,-3.333333332771436e-08
0.00106,0.001060100000000004,-1.0000000000395977e-07
0.0011,0.0011007999999999947,-7.999999999945984e-07
0.00114,0.0011402666666666614,-2.666666666613967e-07
0.00106,0.0010610666666666703,-1.0666666666703066e-06
0.0011,0.0011076333333333319,-7.633333333331802e-06
0.00114,0.0011417666666666618,-1.7666666666618126e-06
0.00106,0.0010625000000000022,-2.5000000000022834e-06
0.00111,0.0011080999999999988,1.900000000001293e-06
0.00114,0.0011469333333333303,-6.9333333333303215e-06
0.00106,0.0010634000000000028,-3.400000000002793e-06
0.00111,0.0011101666666666664,-1.666666666663274e-07
0.00115,0.0011479333333333313,2.0666666666687046e-06
0.00106,0.0010664333333333346,-6.433333333334592e-06
0.00111,0.001114566666666669,-4.56666666666882e-06
0.00115,0.001152766666666665,-2.766666666664981e-06
0.00106,0.0010716999999999999,-1.1699999999999905e-05
0.00112,0.0011219333333333385,-1.9333333333385484e-06
0.00116,0.0011613666666666642,-1.3666666666641882e-06
0.00107,0.0010713333333333336,-1.3333333333336549e-06
0.00112,0.0011274000000000034,-7.400000000003541e-06
0.00116,0.001166766666666668,-6.766666666667897e-06
0.00107,0.001081600000000002,-1.1600000000002017e-05
0.00113,0.0011333333333333323,-3.3333333333324024e-06
0.00117,0.0011740333333333346,-4.033333333334534e-06
0.00107,0.0010834333333333353,-1.3433333333335304e-05
0.00113,0.0011378666666666628,-7.866666666662882e-06
0.00117,0.0011785000000000016,-8.500000000001562e-06
0.00108,0.001083499999999998,-3.4999999999980793e-06
0.00114,0.0011359666666666678,4.033333333332148e-06
0.00118,0.001177966666666669,2.0333333333310156e-06
0.00108,0.001095499999999997,-1.549999999999707e-05
0.00115,0.001151499999999999,-1.4999999999991149e-06
0.00119,0.0011981999999999984,-8.199999999998356e-06
0.00109,0.0010926000000000009,-2.600000000000822e-06
0.00115,0.0011515333333333316,-1.5333333333315997e-06
0.0012,0.0011939666666666673,6.033333333332631e-06
0.00109,0.0011023999999999964,-1.2399999999996398e-05
0.00116,0.0011637000000000008,-3.7000000000007947e-06
0.00121,0.001206433333333329,3.5666666666708553e-06
0.0011,0.0011045999999999992,-4.599999999999136e-06
0.00117,0.0011672666666666636,2.7333333333363994e-06
0.00121,0.001213899999999997,-3.899999999997005e-06
0.0011,0.0011133999999999998,-1.3399999999999784e-05
0.00118,0.0011787000000000028,1.2999999999972669e-06
0.00122,0.0012243333333333318,-4.333333333331885e-06
0.00111,0.0011088999999999984,1.1000000000017073e-06
0.00119,0.001178766666666666,1.1233333333334058e-05
0.00123,0.0012231666666666647,6.833333333335252e-06
0.00111,0.0011226333333333354,-1.2633333333335285e-05
0.00119,0.001195266666666666,-5.2666666666659635e-06
0.00124,0.0012459333333333334,-5.933333333333441e-06
0.00112,0.0011225000000000028,-2.500000000002934e-06
0.0012,0.0012008999999999978,-8.999999999979077e-07
0.00125,0.001251266666666666,-1.2666666666658662e-06
0.00112,0.0011274666666666695,-7.466666666669595e-06
0.00121,0.001206166666666663,3.8333333333370224e-06
0.00126,0.0012594333333333276,5.666666666724086e-07
0.00113,0.001129233333333336,7.666666666638483e-07
0.00121,0.0012082999999999953,1.7000000000046492e-06
0.00126,0.0012637333333333273,-3.733333333327208e-06
0.00113,0.0011282666666666706,1.7333333333293278e-06
0.00121,0.0012078999999999946,2.1000000000053094e-06
0.00127,0.0012584999999999977,1.1500000000002394e-05
0.00113,0.0011332333333333357,-3.2333333333358152e-06
0.00122,0.001204799999999996,1.5200000000004056e-05
0.00127,0.0012553999999999979,1.4600000000002198e-05
0.00114,0.0011364999999999997,3.5000000000002477e-06
0.00122,0.0012072999999999964,1.2700000000003507e-05
0.00127,0.0012581333333333304,1.1866666666669702e-05
0.00114,0.0011382333333333293,1.766666666670703e-06
0.00122,0.0012144999999999966,5.500000000003332e-06
0.00127,0.0012668666666666622,3.133333333337927e-06
0.00114,0.0011393666666666621,6.33333333337812e-07
0.00122,0.0012139333333333292,6.066666666670753e-06
0.00127,0.0012693999999999943,6.000000000057609e-07
0.00114,0.0011396666666666619,3.333333333380758e-07
0.00121,0.0012161333333333313,-6.133333333331386e-06
0.00127,0.0012665999999999951,3.4000000000049616e-06
0.00114,0.0011371666666666646,2.833333333335372e-06
0.00121,0.0012051999999999963,4.800000000003586e-06
0.00127,0.0012576666666666639,1.2333333333336199e-05
0.00114,0.0011360333333333332,3.966666666666745e-06
0.00121,0.0012025999999999962,7.400000000003758e-06
0.00126,0.001260966666666663,-9.666666666628774e-07
0.00113,0.0011369999999999974,-6.99999999999746e-06
0.0012,0.0012042333333333291,-4.233333333329226e-06
0.00126,0.0012581333333333306,1.8666666666694587e-06
0.00113,0.0011286333333333364,1.3666666666635376e-06
0.0012,0.0011885000000000031,1.1499999999996756e-05
0.00126,0.0012487999999999937,1.1200000000006344e-05
0.00113,0.0011273666666666703,2.6333333333296207e-06
0.00119,0.0011908333333333348,-8.333333333346727e-07
0.00125,0.0012504333333333306,-4.33333333330543e-07
0.00113,0.0011282666666666702,1.7333333333297615e-06
0.00119,0.0011836333333333337,6.36666666666637e-06
0.00125,0.0012483999999999954,1.6000000000045925e-06
0.00113,0.0011246333333333374,5.366666666662551e-06
0.00118,0.0011851333333333354,-5.1333333333353735e-06
0.00125,0.0012447999999999992,5.200000000000777e-06
0.00112,0.0011245666666666705,-4.566666666670554e-06
0.00118,0.0011816333333333339,-1.6333333333338248e-06
0.00124,0.0012438999999999985,-3.899999999998523e-06
0.00112,0.0011208666666666718,-8.66666666671928e-07
0.00118,0.001179966666666667,3.333333333313537e-08
0.00124,0.0012399666666666695,3.333333333053329e-08
0.00112,0.0011205000000000058,-5.000000000059211e-07
0.00118,0.0011798666666666667,1.3333333333340885e-07
0.00124,0.0012359000000000037,4.099999999996251e-06
0.00112,0.0011208000000000056,-8.000000000056573e-07
0.00118,0.001180066666666667,-6.666666666692127e-08
0.00123,0.0012400000000000035,-1.0000000000003496e-05
0.00112,0.0011205333333333387,-5.333333333388396e-07
0.00117,0.0011783333333333346,-8.333333333334584e-06
0.00123,0.0012377333333333375,-7.733333333337497e-06
0.00112,0.0011204666666666723,-4.66666666672352e-07
0.00117,0.0011734666666666689,-3.466666666668847e-06
0.00123,0.001232966666666671,-2.966666666670949e-06
0.00112,0.0011202666666666724,-2.6666666667245556e-07
0.00117,0.0011706000000000034,-6.000000000033756e-07
0.00123,0.001230200000000005,-2.000000000051006e-07
0.00112,0.0011203000000000055,-3.0000000000559093e-07
0.00117,0.00117096666666667,-9.666666666700331e-07
0.00123,0.001230500000000005,-5.000000000050537e-07
0.00112,0.001120866666666672,-8.666666666721449e-07
0.00117,0.0011706000000000032,-6.000000000031588e-07
0.00123,0.001230333333333338,-3.333333333380758e-07
0.00112,0.0011216333333333383,-1.6333333333383784e-06
0.00117,0.0011740000000000032,-4.000000000003133e-06
0.00123,0.0012327000000000035,-2.700000000003481e-06
0.00113,0.0011289000000000032,1.09999999999672e-06
0.00117,0.0011751333333333352,-5.133333333335157e-06
0.00123,0.0012326000000000043,-2.6000000000042916e-06
0.00113,0.0011303000000000027,-3.00000000002772e-07
0.00117,0.0011763000000000014,-6.3000000000014e-06
0.00123,0.0012325000000000044,-2.5000000000044518e-06
0.00113,0.0011304333333333365,-4.3333333333661454e-07
0.00118,0.0011818333333333344,-1.8333333333343717e-06
0.00123,0.0012348666666666705,-4.866666666670507e-06
0.00113,0.0011310333333333351,-1.0333333333352197e-06
0.00118,0.0011819333333333334,-1.933333333333344e-06
0.00123,0.0012323666666666708,-2.366666666670826e-06
0.00113,0.0011349333333333322,-4.9333333333322245e-06
0.00118,0.0011824,-2.3999999999998415e-06
0.00123,0.0012326333333333374,-2.633333333337427e-06
0.00114,0.0011360999999999993,3.900000000000691e-06
0.00118,0.001185733333333334,-5.733333333333979e-06
0.00123,0.00123576666666667,-5.766666666669933e-06
0.00114,0.0011397333333333288,2.666666666711545e-07
0.00118,0.001189800000000003,-9.800000000002949e-06
0.00123,0.0012398666666666698,-9.86666666666987e-06
0.00114,0.0011409333333333282,-9.333333333282241e-07
0.00119,0.0011866333333333354,3.3666666666646704e-06
0.00124,0.0012366333333333373,3.366666666662719e-06
0.00114,0.0011531666666666652,-1.3166666666665234e-05
0.00119,0.001196700000000001,-6.700000000000976e-06
0.00124,0.0012461666666666671,-6.166666666667124e-06
0.00115,0.0011456666666666638,4.3333333333362214e-06
0.00119,0.0011923666666666698,-2.366666666669742e-06
0.00124,0.0012421666666666685,-2.1666666666685444e-06
0.00115,0.0011534666666666654,-3.4666666666653776e-06
0.00119,0.0011943333333333352,-4.333333333335137e-06
0.00124,0.0012437666666666664,-3.766666666666415e-06
0.00115,0.0011594666666666638,-9.466666666663789e-06
0.0012,0.0012012999999999978,-1.2999999999979174e-06
0.00125,0.0012508333333333275,-8.33333333327517e-07
0.00116,0.001155966666666664,4.0333333333360515e-06
0.0012,0.0012017999999999968,-1.7999999999968996e-06
0.00125,0.001250966666666659,-9.666666666589743e-07
0.00116,0.0011600333333333297,-3.3333333329665926e-08
0.0012,0.0012029666666666628,-2.966666666662926e-06
0.00125,0.0012504333333333262,-4.333333333262062e-07
0.00116,0.001169833333333334,-9.833333333333916e-06
0.00121,0.0012115999999999958,-1.599999999995919e-06
0.00125,0.0012609333333333302,-1.0933333333330202e-05
0.00117,0.0011705999999999971,-5.999999999970872e-07
0.00121,0.0012180999999999965,-8.099999999996565e-06
0.00126,0.0012596333333333288,3.6666666667121116e-07
0.00117,0.0011732999999999982,-3.299999999998183e-06
0.00121,0.0012178999999999977,-7.899999999997753e-06
0.00126,0.0012592999999999958,7.000000000042996e-07
0.00118,0.0011798000000000015,1.999999999985954e-07
0.00122,0.001223233333333333,-3.2333333333329963e-06
0.00126,0.0012707666666666633,-1.0766666666663224e-05
0.00118,0.0011815,-1.4999999999999823e-06
0.00122,0.0012257333333333352,-5.73333333333528e-06
0.00127,0.0012666666666666638,3.3333333333363056e-06
0.00118,0.0011904333333333352,-1.0433333333335123e-05
0.00123,0.0012317000000000016,-1.7000000000016134e-06
0.00127,0.0012804666666666673,-1.0466666666667174e-05
0.00119,0.0011930333333333367,-3.0333333333365693e-06
0.00123,0.0012342333333333364,-4.233333333336382e-06
0.00127,0.0012835000000000025,-1.3500000000002442e-05
0.00119,0.001191266666666668,-1.2666666666678178e-06
0.00123,0.0012330666666666708,-3.066666666670789e-06
0.00128,0.0012735999999999973,6.400000000002758e-06
0.0012,0.0012062333333333326,-6.233333333332744e-06
0.00124,0.001249000000000002,-9.000000000002062e-06
0.00128,0.0012977000000000056,-1.7700000000005472e-05
0.0012,0.0012068999999999951,-6.899999999995235e-06
0.00124,0.0012483999999999974,-8.399999999997385e-06
0.00129,0.0012895333333333382,4.666666666617268e-07
0.00121,0.0012074666666666636,2.533333333336286e-06
0.00125,0.0012497000000000007,2.9999999999930256e-07
0.00129,0.0012952333333333401,-5.233333333340201e-06
0.00121,0.001214599999999996,-4.5999999999961e-06
0.00125,0.0012561333333333284,-6.1333333333283505e-06
0.00129,0.0012975000000000063,-7.5000000000064165e-06
0.00122,0.0012216333333333331,-1.6333333333331743e-06
0.00126,0.0012653999999999977,-5.399999999997638e-06
0.0013,0.001307366666666669,-7.3666666666691045e-06
0.00122,0.0012206333333333326,-6.333333333326079e-07
0.00126,0.0012639666666666627,-3.966666666662625e-06
0.0013,0.0013051666666666698,-5.16666666666981e-06
0.00122,0.0012276000000000027,-7.600000000002787e-06
0.00127,0.00126873333333333,1.2666666666699862e-06
0.00131,0.001310966666666665,-9.666666666650458e-07
0.00123,0.0012262333333333353,3.76666666666468e-06
0.00127,0.0012711666666666622,-1.1666666666621233e-06
0.00131,0.0013155999999999945,-5.599999999994498e-06
0.00123,0.00123846666666667,-8.466666666669944e-06
0.00127,0.0012801000000000002,-1.0100000000000083e-05
0.00132,0.0013208333333333266,-8.333333333266496e-07
0.00124,0.0012390333333333354,9.666666666646121e-07
0.00128,0.0012810333333333308,-1.033333333330666e-06
0.00132,0.0013282666666666616,-8.266666666661591e-06
0.00124,0.0012531333333333288,-1.3133333333328846e-05
0.00128,0.0012966000000000034,-1.660000000000333e-05
0.00132,0.0013395999999999992,-1.9599999999999175e-05
0.00125,0.001249366666666668,6.333333333319573e-07
0.00129,0.0012902000000000035,-2.0000000000358273e-07
0.00133,0.0013306999999999967,-6.999999999967102e-07
0.00126,0.0012623999999999964,-2.399999999996372e-06
0.0013,0.0013045666666666698,-4.566666666669904e-06
0.00134,0.0013459666666666692,-5.966666666669179e-06
0.00126,0.0012649666666666643,-4.966666666664276e-06
0.0013,0.0013062000000000006,-6.200000000000693e-06
0.00134,0.0013471666666666712,-7.16666666667116e-06
0.00127,0.001270666666666665,-6.666666666648759e-07
0.00131,0.0013124666666666656,-2.4666666666656786e-06
0.00135,0.0013541666666666708,-4.1666666666707614e-06
0.00127,0.0012887000000000044,-1.8700000000004303e-05
0.00131,0.0013299999999999972,-1.9999999999997234e-05
0.00135,0.0013725999999999996,-2.2599999999999574e-05
0.00128,0.0012915666666666735,-1.1566666666673435e-05
0.00132,0.001331299999999998,-1.1299999999997944e-05
0.00136,0.0013728333333333303,-1.2833333333330194e-05
0.00129,0.0012963000000000007,-6.3000000000007494e-06
0.00133,0.0013401333333333313,-1.0133333333331267e-05
0.00137,0.0013833333333333352,-1.3333333333335248e-05
0.0013,0.001305266666666668,-5.266666666668132e-06
0.00133,0.0013482666666666681,-1.8266666666668123e-05
0.00137,0.0013909333333333312,-2.0933333333331312e-05
0.0013,0.0013133999999999973,-1.3399999999997398e-05
0.00134,0.001354633333333334,-1.4633333333334032e-05
0.00138,0.0013976666666666681,-1.7666666666668216e-05
0.00131,0.0013173666666666665,-7.366666666666502e-06
0.00135,0.001360033333333338,-1.0033333333337932e-05
0.00139,0.0014026000000000012,-1.2600000000001282e-05
0.00132,0.0013229333333333296,-2.9333333333295738e-06
0.00136,0.0013646333333333352,-4.63333333333509e-06
0.0014,0.0014056666666666688,-5.666666666668792e-06
0.00133,0.0013414333333333361,-1.1433333333336123e-05
0.00137,0.0013867666666666667,-1.676666666666684e-05
0.00141,0.0014315999999999977,-2.1599999999997706e-05
0.00134,0.0013478000000000006,-7.800000000000515e-06
0.00138,0.0013902999999999993,-1.0299999999999329e-05
0.00142,0.0014324666666666649,-1.2466666666664837e-05
0.00135,0.001363833333333335,-1.383333333333488e-05
0.00139,0.0014070666666666691,-1.7066666666669178e-05
0.00143,0.0014504333333333309,-2.0433333333330812e-05
0.00136,0.0013784666666666653,-1.84666666666652e-05
0.0014,0.0014160333333333355,-1.6033333333335476e-05
0.00144,0.0014598333333333351,-1.9833333333335026e-05
0.00138,0.0014025333333333363,-2.253333333333634e-05
0.00141,0.0014570000000000052,-4.7000000000005154e-05
0.00145,0.0015108666666666672,-6.0866666666667315e-05
0.00139,0.001419066666666666,-2.9066666666666e-05
0.00142,0.001474400000000005,-5.440000000000501e-05
0.00146,0.001528599999999998,-6.859999999999809e-05
0.0014,0.001423033333333331,-2.3033333333330984e-05
0.00144,0.0014769333333333376,-3.6933333333337556e-05
0.00148,0.001529433333333332,-4.943333333333206e-05
0.00142,0.0014353999999999947,-1.5399999999994628e-05
0.00145,0.0014816333333333392,-3.1633333333339324e-05
0.00149,0.0015276666666666728,-3.766666666667282e-05
0.00143,0.001447900000000003,-1.7900000000002983e-05
0.00147,0.0014866666666666659,-1.6666666666665915e-05
0.00151,0.0015319666666666683,-2.1966666666668267e-05
0.00145,0.0014763333333333312,-2.6333333333331335e-05
0.00148,0.0015280666666666696,-4.8066666666669606e-05
0.00152,0.0015737666666666651,-5.376666666666503e-05
0.00147,0.0014841999999999978,-1.4199999999997851e-05
0.0015,0.0015322000000000022,-3.220000000000219e-05
0.00154,0.0015742999999999983,-3.4299999999998394e-05
0.00148,0.001503533333333337,-2.3533333333337122e-05
0.00152,0.0015415666666666631,-2.1566666666663053e-05
0.00155,0.0015864000000000013,-3.640000000000132e-05
0.0015,0.001528233333333333,-2.8233333333333062e-05
0.00153,0.0015848000000000027,-5.480000000000285e-05
0.00157,0.0016398333333333284,-6.983333333332844e-05
0.00152,0.0015571000000000022,-3.710000000000215e-05
0.00155,0.001605999999999997,-5.5999999999997024e-05
0.00159,0.0016591666666666718,-6.91666666666718e-05
0.00154,0.0015647333333333375,-2.4733333333337585e-05
0.00157,0.0016101999999999985,-4.0199999999998483e-05
0.00161,0.0016585333333333382,-4.8533333333338055e-05
0.00156,0.0015758000000000033,-1.580000000000331e-05
0.00159,0.0016150333333333365,-2.5033333333336454e-05
0.00163,0.001660999999999999,-3.099999999999913e-05
0.00158,0.001603199999999998,-2.3199999999997962e-05
0.00161,0.0016451333333333364,-3.513333333333632e-05
0.00165,0.001691900000000004,-4.1900000000004e-05
0.0016,0.0016163333333333398,-1.6333333333339766e-05
0.00163,0.0016597999999999984,-2.9799999999998448e-05
0.00167,0.0017070666666666701,-3.70666666666701e-05
0.00162,0.0016509333333333308,-3.0933333333330905e-05
0.00165,0.001682933333333336,-3.293333333333594e-05
0.00169,0.0017275333333333298,-3.7533333333329656e-05
0.00165,0.0016659666666666681,-1.596666666666812e-05
0.00167,0.0017064000000000046,-3.640000000000457e-05
0.00171,0.0017544666666666712,-4.446666666667125e-05
0.00167,0.001682733333333336,-1.2733333333335992e-05
0.00169,0.0017205666666666687,-3.0566666666668584e-05
0.00173,0.0017612999999999945,-3.129999999999453e-05
0.00169,0.0017043333333333303,-1.4333333333330176e-05
0.00172,0.0017482666666666683,-2.8266666666668366e-05
0.00175,0.0017960666666666696,-4.606666666666956e-05
0.00171,0.001719833333333337,-9.833333333337168e-06
0.00174,0.0017595333333333314,-1.9533333333331387e-05
0.00178,0.001802733333333336,-2.2733333333336018e-05
0.00173,0.001735366666666663,-5.366666666662984e-06
0.00176,0.0017775666666666687,-1.7566666666668593e-05
0.0018,0.001825399999999999,-2.539999999999899e-05
0.00176,0.0017520666666666703,7.933333333329804e-06
0.00178,0.0018000666666666643,-2.006666666666437e-05
0.00182,0.001850433333333332,-3.0433333333331923e-05
0.00178,0.0017846000000000055,-4.600000000005641e-06
0.0018,0.0018258999999999988,-2.589999999999884e-05
0.00184,0.00187496666666666,-3.496666666666002e-05
0.0018,0.0018094333333333328,-9.433333333332822e-06
0.00182,0.0018382000000000001,-1.8200000000000117e-05
0.00186,0.0018824,-2.2399999999999894e-05
0.00182,0.0018230333333333344,-3.033333333334401e-06
0.00184,0.001858366666666658,-1.8366666666657988e-05
0.00188,0.0019038666666666689,-2.386666666666891e-05
0.00184,0.001840399999999994,-3.999999999939382e-07
0.00186,0.00187473333333333,-1.4733333333329969e-05
0.0019,0.0019217999999999972,-2.179999999999717e-05
0.00186,0.0018592333333333321,7.666666666679683e-07
0.00188,0.0018897333333333336,-9.733333333333642e-06
0.00192,0.0019333000000000067,-1.3300000000006666e-05
0.00188,0.0018860333333333345,-6.033333333334582e-06
0.0019,0.0019152333333333305,-1.5233333333330469e-05
0.00194,0.0019639333333333407,-2.39333333333406e-05
0.0019,0.0018775666666666628,2.243333333333715e-05
0.00192,0.0019162666666666676,3.733333333332412e-06
0.00197,0.001963433333333337,6.566666666662797e-06
0.00192,0.0019167333333333348,3.2666666666652643e-06
0.00194,0.0019505000000000008,-1.0500000000000743e-05
0.00198,0.001996933333333335,-1.6933333333335118e-05
0.00194,0.0019168666666666671,2.3133333333332992e-05
0.00196,0.001952833333333333,7.16666666666704e-06
0.002,0.0019988000000000015,1.1999999999985113e-06
0.00196,0.001956233333333341,3.7666666666590423e-06
0.00198,0.001983433333333336,-3.4333333333359285e-06
0.00202,0.0020325666666666654,-1.2566666666665328e-05
0.00197,0.001963066666666666,6.933333333333791e-06
0.00199,0.0019909999999999967,-9.999999999966633e-07
0.00204,0.0020359666666666717,4.033333333328462e-06
0.00199,0.001972933333333333,1.7066666666667226e-05
0.00201,0.0020020333333333304,7.966666666669661e-06
0.00206,0.0020481666666666704,1.1833333333329844e-05
0.00201,0.0020017999999999963,8.200000000003777e-06
0.00203,0.0020285,1.500000000000199e-06
0.00208,0.0020750333333333345,4.96666666666536e-06
0.00203,0.002010100000000002,1.9899999999998044e-05
0.00205,0.0020356333333333265,1.436666666667372e-05
0.00209,0.002085766666666664,4.233333333335948e-06
0.00204,0.0020356333333333243,4.366666666675862e-06
0.00206,0.0020586,1.4000000000003593e-06
0.00211,0.002103833333333334,6.1666666666660395e-06
0.00206,0.0020618,-1.7999999999997185e-06
0.00208,0.0020847666666666625,-4.7666666666626445e-06
0.00213,0.0021341333333333287,-4.133333333328736e-06
0.00208,0.0020563666666666607,2.363333333333913e-05
0.0021,0.002079833333333333,2.016666666666703e-05
0.00215,0.0021302333333333328,1.9766666666667237e-05
0.0021,0.002081766666666665,1.823333333333477e-05
0.00211,0.0021057666666666626,4.233333333337249e-06
0.00217,0.0021556666666666603,1.4333333333339717e-05
0.00211,0.002096166666666664,1.3833333333335748e-05
0.00213,0.002113133333333324,1.6866666666675786e-05
0.00218,0.002168566666666665,1.1433333333335256e-05
0.00213,0.0021125333333333264,1.7466666666673524e-05
0.00215,0.0021338666666666666,1.6133333333333364e-05
0.0022,0.0021853333333333317,1.4666666666668469e-05
0.00215,0.0021439333333333347,6.066666666665332e-06
0.00217,0.0021627666666666602,7.233333333339816e-06
0.00222,0.002212833333333324,7.166666666676147e-06
0.00216,0.0021485666666666648,1.1433333333335256e-05
0.00218,0.0021683333333333333,1.166666666666677e-05
0.00223,0.0022188999999999963,1.1100000000003902e-05
0.00218,0.002150566666666666,2.9433333333334175e-05
0.0022,0.0021737,2.6299999999999935e-05
0.00225,0.0022248666666666635,2.5133333333336293e-05
0.00219,0.002212,-2.1999999999999884e-05
0.00221,0.002224033333333327,-1.4033333333326754e-05
0.00227,0.0022728333333333238,-2.8333333333238793e-06
0.00221,0.0021969333333333387,1.3066666666661491e-05
0.00223,0.0022142000000000025,1.5799999999997674e-05
0.00228,0.002270433333333329,9.566666666671001e-06
0.00223,0.002199966666666672,3.003333333332801e-05
0.00224,0.0022226333333333287,1.7366666666671082e-05
0.0023,0.0022739666666666616,2.603333333333832e-05
0.00224,0.002234166666666672,5.833333333327747e-06
0.00226,0.0022527999999999923,7.200000000007548e-06
0.00231,0.0023028000000000024,7.199999999997573e-06
0.00226,0.002241933333333336,1.806666666666389e-05
0.00228,0.0022595333333333403,2.046666666665961e-05
0.00233,0.0023122333333333344,1.776666666666567e-05
0.00227,0.0022504666666666715,1.953333333332835e-05
0.00229,0.002269599999999995,2.040000000000505e-05
0.00235,0.0023193333333333416,3.066666666665845e-05
0.00229,0.0022501000000000036,3.989999999999636e-05
0.00231,0.002271166666666662,3.88333333333382e-05
0.00236,0.0023200666666666745,3.9933333333325594e-05
0.0023,0.0022683333333333357,3.166666666666422e-05
0.00232,0.0022862999999999976,3.370000000000239e-05
0.00238,0.002334733333333339,4.526666666666108e-05
0.00232,0.002320033333333335,-3.3333333334870097e-08
0.00234,0.0023360666666666636,3.9333333333364286e-06
0.00239,0.002389433333333343,5.666666666572298e-07
0.00234,0.002320699999999995,1.9300000000005077e-05
0.00236,0.00233796666666667,2.2033333333329984e-05
0.00241,0.0023898000000000036,2.0199999999996263e-05
0.00235,0.0023501666666666714,-1.6666666667131472e-07
0.00237,0.0023650666666666653,4.9333333333348266e-06
0.00243,0.0024154000000000094,1.4599999999990489e-05
0.00237,0.00236843333333334,1.5666666666599646e-06
0.00239,0.0023806333333333306,9.366666666669587e-06
0.00244,0.002432800000000007,7.1999999999928024e-06
0.00238,0.0023675999999999944,1.2400000000005722e-05
0.0024,0.0023872333333333296,1.2766666666670212e-05
0.00246,0.002440533333333336,1.9466666666663815e-05
0.0024,0.002404033333333331,-4.033333333331064e-06
0.00242,0.002417366666666664,2.633333333335909e-06
0.00248,0.002468566666666666,1.1433333333333955e-05
0.00242,0.0024047666666666646,1.523333333333524e-05
0.00244,0.0024221666666666562,1.783333333334365e-05
0.00249,0.00247963333333334,1.0366666666660179e-05
0.00243,0.0024102333333333235,1.9766666666676345e-05
0.00245,0.002429099999999996,2.0900000000003815e-05
0.00251,0.002480599999999998,2.9400000000001907e-05
0.00245,0.002452866666666663,-2.866666666663086e-06
0.00247,0.0024700999999999924,-9.999999999246723e-08
0.00253,0.0025230666666666633,6.933333333336827e-06
0.00247,0.002460266666666665,9.733333333334943e-06
0.00249,0.002475299999999987,1.470000000001288e-05
0.00254,0.0025324333333333377,7.566666666662496e-06
0.00248,0.0024658333333333234,1.4166666666676642e-05
0.0025,0.0024813333333333267,1.8666666666673336e-05
0.00256,0.0025323333333333313,2.7666666666668893e-05
0.0025,0.002495800000000003,4.199999999997175e-06
0.00252,0.0025094999999999866,1.0500000000013537e-05
0.00258,0.002564600000000004,1.5399999999995712e-05
0.00252,0.002515733333333321,4.266666666679058e-06
0.00254,0.002533433333333333,6.5666666666671335e-06
0.0026,0.002586900000000009,1.3099999999990723e-05
0.00254,0.0025163666666666667,2.3633333333333492e-05
0.00256,0.0025312999999999907,2.8700000000009534e-05
0.00261,0.002585733333333342,2.426666666665786e-05
0.00255,0.002547666666666659,2.33333333334116e-06
0.00258,0.002563666666666666,1.633333333333391e-05
0.00263,0.0026157333333333365,1.4266666666663472e-05
0.00257,0.0025431333333333413,2.6866666666658465e-05
0.00259,0.0025618333333333465,2.8166666666653347e-05
0.00265,0.0026096000000000075,4.0399999999992525e-05
0.00259,0.002550133333333341,3.986666666665889e-05
0.00261,0.002561533333333346,4.8466666666653786e-05
0.00267,0.0026062666666666727,6.373333333332737e-05
0.00261,0.0025716333333333403,3.836666666665956e-05
0.00263,0.0025814333333333455,4.8566666666654493e-05
0.00269,0.0026278666666666693,6.21333333333308e-05
0.00263,0.002600666666666665,2.933333333333477e-05
0.00265,0.0026157000000000086,3.4299999999991455e-05
0.00271,0.0026714666666666624,3.853333333333781e-05
0.00265,0.002639433333333325,1.0566666666675037e-05
0.00267,0.002654433333333336,1.556666666666399e-05
0.00273,0.002710966666666665,1.903333333333479e-05
0.00267,0.002646633333333344,2.3366666666656266e-05
0.00269,0.0026593999999999936,3.060000000000649e-05
0.00275,0.0027150333333333366,3.496666666666327e-05
0.00269,0.0026642333333333434,2.5766666666656758e-05
0.00271,0.0026713999999999944,3.860000000000582e-05
0.00277,0.002723666666666667,4.633333333333269e-05
0.00271,0.0026812666666666766,2.8733333333323587e-05
0.00273,0.0026887666666666633,4.123333333333652e-05
0.00279,0.0027411333333333303,4.8866666666669625e-05
0.00273,0.002731299999999999,-1.2999999999992184e-06
0.00275,0.002745233333333343,4.766666666657007e-06
0.00281,0.002801866666666661,8.133333333338807e-06
0.00275,0.002719366666666676,3.063333333332401e-05
0.00277,0.002725366666666667,4.463333333333281e-05
0.00283,0.0027765333333333257,5.34666666666744e-05
0.00277,0.0027506333333333333,1.9366666666666577e-05
0.00279,0.002763800000000006,2.6199999999994023e-05
0.00285,0.002819266666666667,3.073333333333296e-05
0.00279,0.00277043333333334,1.956666666665975e-05
0.00281,0.002787666666666661,2.2333333333339044e-05
0.00287,0.0028424,2.760000000000002e-05
0.00281,0.0027934333333333302,1.6566666666669762e-05
0.00284,0.002809733333333321,3.026666666667904e-05
0.00289,0.0028665000000000105,2.3499999999989675e-05
0.00283,0.0028070666666666633,2.2933333333336782e-05
0.00286,0.002830066666666656,2.9933333333344216e-05
0.00292,0.0028820666666666585,3.7933333333341375e-05
0.00285,0.0028476333333333306,2.366666666669525e-06
0.00288,0.002865966666666661,1.403333333333933e-05
0.00294,0.002921466666666666,1.8533333333333856e-05
0.00288,0.0028560333333333423,2.3966666666657907e-05
0.0029,0.002875066666666663,2.4933333333336614e-05
0.00296,0.002930900000000011,2.9099999999988944e-05
0.0029,0.0028949000000000028,5.099999999997034e-06
0.00292,0.002913333333333339,6.666666666660902e-06
0.00298,0.0029701999999999914,9.800000000008587e-06
0.00292,0.002892233333333344,2.7766666666655723e-05
0.00295,0.002903900000000005,4.60999999999951e-05
0.00301,0.0029584666666666606,5.153333333333954e-05
0.00294,0.0029308333333333395,9.166666666660366e-06
0.00297,0.0029456666666666776,2.4333333333322396e-05
0.00303,0.003000733333333325,2.9266666666675004e-05
0.00297,0.0029376000000000146,3.239999999998539e-05
0.00299,0.0029456666666666733,4.4333333333326785e-05
0.00305,0.0029956999999999926,5.4300000000007554e-05
0.00299,0.002960366666666675,2.963333333332518e-05
0.00302,0.0029675333333333467,5.246666666665345e-05
0.00307,0.003020033333333327,4.9966666666672634e-05
0.00301,0.002985933333333334,2.4066666666665987e-05
0.00304,0.002991200000000002,4.879999999999815e-05
0.0031,0.0030416999999999996,5.830000000000028e-05
0.00303,0.003016099999999991,1.3900000000008957e-05
0.00306,0.0030285333333333404,3.1466666666659336e-05
0.00312,0.003080733333333334,3.926666666666592e-05
0.00306,0.00302559999999999,3.4400000000009943e-05
0.00308,0.003046066666666656,3.393333333334388e-05
0.00314,0.0031015000000000053,3.84999999999947e-05
0.00308,0.0030503333333333172,2.9666666666682603e-05
0.00311,0.0030549666666666625,5.50333333333374e-05
0.00317,0.0031078000000000065,6.21999999999936e-05
0.00311,0.003062799999999988,4.720000000001199e-05
0.00313,0.003059233333333332,7.076666666666794e-05
0.00319,0.003109333333333338,8.066666666666205e-05
0.00313,0.00311166666666665,1.833333333334979e-05
0.00316,0.0031267999999999864,3.32000000000136e-05
0.00322,0.0031837000000000133,3.629999999998695e-05
0.00315,0.003118599999999988,3.140000000001215e-05
0.00318,0.0031348666666666776,4.513333333332247e-05
0.00324,0.0031915333333333374,4.846666666666246e-05
0.00318,0.0031191333333333245,6.0866666666675555e-05
0.00321,0.0031272000000000105,8.279999999998965e-05
0.00326,0.0031815333333333365,7.84666666666634e-05
