Voltage,0,1,5,10,20,30,40,60,80,100,80_pred,100_pred
-0.996,0.0008922,0.00089,0.000903,0.001012,0.001107,0.001179,0.001182,0.001287,0.001388,0.0015,0.0013747866666666663,0.0014672200000000008
-0.992,0.0008861,0.0008816,0.000893,0.0009988,0.001092,0.001166,0.001171,0.001275,0.001376,0.001487,0.001366256666666663,0.0014638966666666695
-0.988,0.0008799,0.0008739,0.0008837,0.0009864,0.001078,0.001154,0.001161,0.001264,0.001365,0.001475,0.0013544566666666706,0.0014514300000000016
-0.984,0.0008738,0.0008669,0.0008752,0.000975,0.001066,0.001143,0.001152,0.001254,0.001354,0.001463,0.0013452333333333387,0.0014429066666666647
-0.98,0.0008675,0.0008606,0.0008673,0.0009645,0.001054,0.001132,0.001143,0.001244,0.001344,0.001452,0.001337950000000006,0.00143817666666667
-0.976,0.0008613,0.000855,0.0008602,0.0009548,0.001043,0.001122,0.001135,0.001236,0.001336,0.001442,0.001333036666666669,0.001435133333333334
-0.972,0.0008559,0.0008499,0.0008538,0.0009458,0.001033,0.001114,0.001127,0.001228,0.001328,0.001433,0.0013247499999999987,0.0014244266666666701
-0.968,0.0008512,0.0008455,0.0008479,0.0009377,0.001023,0.001105,0.00112,0.00122,0.001321,0.001425,0.0013181833333333359,0.0014183333333333385
-0.964,0.0008477,0.0008416,0.0008422,0.0009307,0.001015,0.001097,0.001114,0.001214,0.001315,0.001417,0.0013105900000000036,0.0014068300000000026
-0.96,0.0008441,0.0008374,0.0008367,0.0009239,0.001006,0.00109,0.001107,0.001207,0.001308,0.00141,0.0013034366666666648,0.0013994366666666698
-0.956,0.0008401,0.0008338,0.000832,0.0009176,0.0009988,0.001083,0.001101,0.001201,0.001302,0.001403,0.001297093333333339,0.0013923399999999963
-0.952,0.0008362,0.0008302,0.0008275,0.0009117,0.0009918,0.001076,0.001096,0.001195,0.001296,0.001396,0.0012923633333333368,0.001388063333333337
-0.948,0.0008326,0.0008272,0.0008237,0.0009059,0.0009855,0.00107,0.001091,0.00119,0.001291,0.00139,0.001288799999999996,0.0013850966666666706
-0.944,0.0008293,0.0008245,0.0008202,0.0009003,0.0009795,0.001065,0.001086,0.001184,0.001286,0.001385,0.0012858766666666685,0.0013833100000000052
-0.94,0.0008267,0.0008224,0.0008169,0.0008956,0.0009737,0.001059,0.001082,0.00118,0.001281,0.00138,0.0012792599999999965,0.0013747066666666657
-0.936,0.0008239,0.0008196,0.0008139,0.0008913,0.0009685,0.001054,0.001078,0.001175,0.001277,0.001375,0.0012764133333333285,0.0013735066666666674
-0.932,0.0008213,0.0008171,0.0008114,0.0008876,0.0009637,0.00105,0.001074,0.001171,0.001273,0.00137,0.001272463333333336,0.0013683899999999986
-0.928,0.0008184,0.0008145,0.000809,0.0008841,0.0009594,0.001045,0.00107,0.001167,0.001269,0.001366,0.0012692700000000042,0.001365669999999996
-0.924,0.0008149,0.0008118,0.0008067,0.0008807,0.0009553,0.001041,0.001067,0.001163,0.001266,0.001363,0.0012652999999999965,0.0013622033333333347
-0.92,0.0008115,0.0008089,0.0008044,0.0008776,0.0009515,0.001037,0.001064,0.00116,0.001262,0.001359,0.0012618399999999998,0.0013580933333333346
-0.916,0.0008082,0.0008055,0.0008023,0.0008745,0.0009479,0.001034,0.001061,0.001156,0.001259,0.001356,0.0012574333333333363,0.0013525300000000043
-0.912,0.0008046,0.0008024,0.0008007,0.0008716,0.0009445,0.00103,0.001058,0.001153,0.001256,0.001353,0.0012543733333333308,0.0013498599999999979
-0.908,0.0008011,0.0007995,0.0007992,0.000869,0.0009413,0.001026,0.001056,0.00115,0.001253,0.00135,0.001253460000000001,0.0013501033333333352
-0.904,0.000797,0.0007969,0.0007979,0.0008664,0.0009383,0.001023,0.001053,0.001148,0.001251,0.001348,0.0012505833333333353,0.0013460966666666678
-0.9,0.0007919,0.0007944,0.0007964,0.000864,0.0009352,0.00102,0.00105,0.001145,0.001248,0.001345,0.0012481866666666725,0.0013449533333333322
-0.896,0.0007872,0.0007916,0.0007947,0.0008617,0.0009324,0.001017,0.001047,0.001142,0.001246,0.001343,0.0012460900000000063,0.001342939999999997
-0.892,0.0007829,0.0007879,0.000793,0.0008593,0.0009297,0.001015,0.001045,0.00114,0.001244,0.001341,0.0012441400000000053,0.0013409533333333286
-0.888,0.0007783,0.0007844,0.0007915,0.0008569,0.000927,0.001012,0.001043,0.001138,0.001242,0.001339,0.0012425033333333371,0.001339683333333328
-0.884,0.0007739,0.0007805,0.0007902,0.0008545,0.0009245,0.001009,0.00104,0.001136,0.00124,0.001337,0.0012402466666666689,0.001337309999999996
-0.88,0.0007687,0.0007766,0.0007888,0.0008522,0.0009221,0.001006,0.001038,0.001133,0.001239,0.001336,0.0012389499999999965,0.0013358266666666674
-0.876,0.0007631,0.0007726,0.0007874,0.0008499,0.0009194,0.001003,0.001036,0.001131,0.001237,0.001334,0.0012365833333333285,0.001333179999999999
-0.872,0.0007577,0.0007686,0.0007858,0.0008475,0.0009168,0.001,0.001034,0.00113,0.001236,0.001333,0.0012360866666666656,0.0013328499999999942
-0.868,0.0007522,0.0007642,0.0007842,0.0008449,0.0009143,0.0009978,0.001032,0.001128,0.001235,0.001332,0.0012354699999999946,0.0013322199999999983
-0.864,0.0007464,0.0007595,0.0007824,0.0008421,0.0009116,0.0009952,0.001031,0.001127,0.001235,0.001332,0.0012347099999999946,0.0013318200000000018
-0.86,0.0007401,0.0007545,0.0007808,0.0008391,0.0009089,0.0009928,0.001029,0.001126,0.001234,0.001331,0.0012340633333333367,0.0013311066666666736
-0.856,0.0007335,0.0007492,0.0007787,0.0008359,0.0009062,0.0009902,0.001028,0.001125,0.001234,0.001331,0.0012338166666666717,0.0013311200000000088
-0.852,0.0007266,0.0007438,0.0007766,0.0008331,0.0009034,0.0009876,0.001027,0.001124,0.001233,0.001331,0.0012331966666666676,0.001331140000000009
-0.848,0.0007199,0.0007383,0.0007744,0.0008302,0.0009006,0.0009851,0.001025,0.001123,0.001233,0.001331,0.0012330666666666656,0.001330886666666676
-0.844,0.0007133,0.0007325,0.000772,0.000827,0.000898,0.0009829,0.001024,0.001122,0.001233,0.001331,0.0012331733333333331,0.0013310133333333425
-0.84,0.0007066,0.0007268,0.0007695,0.0008235,0.0008952,0.000981,0.001023,0.001122,0.001234,0.001331,0.0012337400000000044,0.0013310333333333424
-0.836,0.0007002,0.0007208,0.000767,0.0008199,0.0008925,0.0009792,0.001022,0.001122,0.001233,0.001331,0.001233626666666666,0.0013312300000000075
-0.832,0.0006936,0.000715,0.0007644,0.0008163,0.00089,0.0009774,0.001021,0.001121,0.001235,0.001332,0.0012333633333333274,0.0013314033333333326
-0.828,0.0006871,0.000709,0.0007618,0.000813,0.0008875,0.0009757,0.001021,0.001122,0.001237,0.001333,0.001236793333333328,0.0013330099999999936
-0.824,0.0006809,0.0007029,0.0007592,0.0008098,0.000885,0.0009741,0.001021,0.001122,0.001238,0.001334,0.0012377166666666668,0.001333846666666665
-0.82,0.0006747,0.0006968,0.0007564,0.0008065,0.0008826,0.0009728,0.00102,0.001122,0.001238,0.001335,0.0012382066666666671,0.001335206666666662
-0.816,0.0006689,0.0006907,0.0007535,0.0008031,0.0008802,0.0009717,0.00102,0.001122,0.001239,0.001336,0.0012387933333333292,0.0013360366666666666
-0.812,0.0006639,0.0006845,0.0007505,0.0008,0.0008781,0.0009707,0.00102,0.001123,0.001239,0.001337,0.0012392699999999959,0.0013372566666666633
-0.808,0.0006595,0.0006789,0.0007477,0.0007969,0.0008761,0.0009699,0.00102,0.001124,0.00124,0.001338,0.0012399766666666685,0.0013378900000000026
-0.804,0.0006558,0.0006738,0.0007449,0.0007938,0.0008746,0.0009694,0.001021,0.001125,0.001242,0.00134,0.0012420133333333353,0.0013399666666666712
-0.8,0.0006526,0.0006693,0.0007422,0.000791,0.0008735,0.0009691,0.001022,0.001126,0.001243,0.001342,0.001243116666666664,0.0013418833333333395
-0.796,0.0006495,0.0006652,0.0007396,0.0007884,0.0008726,0.0009692,0.001023,0.001127,0.001245,0.001344,0.0012449299999999976,0.0013436533333333403
-0.792,0.0006466,0.0006617,0.0007372,0.0007861,0.0008719,0.0009694,0.001024,0.001129,0.001247,0.001346,0.0012469499999999988,0.0013458133333333394
-0.788,0.0006439,0.0006586,0.000735,0.0007842,0.0008713,0.0009698,0.001025,0.00113,0.001249,0.001348,0.00124844,0.0013471033333333367
-0.784,0.0006415,0.0006561,0.000733,0.0007825,0.0008709,0.0009703,0.001026,0.001132,0.001251,0.00135,0.0012503400000000013,0.0013491866666666694
-0.78,0.0006397,0.0006539,0.0007314,0.0007812,0.0008709,0.0009711,0.001027,0.001134,0.001253,0.001353,0.0012522933333333347,0.0013512766666666633
-0.776,0.0006384,0.0006523,0.0007301,0.0007801,0.0008711,0.0009721,0.001029,0.001136,0.001256,0.001355,0.0012547233333333292,0.0013534266666666648
-0.772,0.0006375,0.000651,0.000729,0.0007792,0.0008715,0.0009733,0.001031,0.001138,0.001258,0.001358,0.0012575666666666638,0.0013569266666666722
-0.768,0.0006369,0.00065,0.0007281,0.0007788,0.0008722,0.0009748,0.001032,0.00114,0.001261,0.001361,0.0012604133333333364,0.0013598733333333335
-0.764,0.0006365,0.0006495,0.0007276,0.0007788,0.0008732,0.0009764,0.001034,0.001142,0.001264,0.001364,0.0012626533333333296,0.0013624299999999954
-0.76,0.0006366,0.0006492,0.0007274,0.0007791,0.0008746,0.0009783,0.001036,0.001145,0.001267,0.001368,0.00126572,0.0013662199999999963
-0.756,0.0006371,0.0006492,0.0007275,0.0007798,0.0008761,0.0009803,0.001039,0.001148,0.00127,0.001371,0.0012688466666666634,0.00136921666666667
-0.752,0.0006375,0.0006496,0.0007278,0.0007806,0.0008778,0.0009826,0.001041,0.001151,0.001274,0.001375,0.0012726766666666632,0.001373586666666669
-0.748,0.0006381,0.0006503,0.0007284,0.0007816,0.0008797,0.0009849,0.001043,0.001154,0.001277,0.001378,0.001275203333333327,0.0013760233333333293
-0.744,0.000639,0.0006511,0.0007291,0.000783,0.0008817,0.0009874,0.001046,0.001157,0.00128,0.001382,0.0012778300000000004,0.0013789633333333294
-0.74,0.00064,0.0006522,0.0007301,0.0007847,0.000884,0.0009901,0.001049,0.00116,0.001284,0.001386,0.0012817233333333366,0.0013829399999999983
-0.736,0.0006414,0.0006535,0.0007315,0.0007867,0.0008865,0.0009932,0.001052,0.001163,0.001288,0.00139,0.0012849333333333382,0.0013866100000000008
-0.732,0.0006429,0.0006551,0.000733,0.0007886,0.0008891,0.0009964,0.001055,0.001166,0.001291,0.001394,0.0012886033333333305,0.0013911766666666707
-0.728,0.0006445,0.0006569,0.0007348,0.0007912,0.0008918,0.0009998,0.001058,0.00117,0.001296,0.001398,0.0012928466666666694,0.0013943433333333374
-0.724,0.0006464,0.000659,0.0007368,0.0007941,0.0008948,0.001003,0.001062,0.001174,0.0013,0.001403,0.0012959200000000053,0.0013975433333333293
-0.72,0.0006486,0.0006611,0.0007388,0.0007971,0.0008979,0.001007,0.001066,0.001178,0.001304,0.001407,0.0012995366666666728,0.0014015566666666633
-0.716,0.000651,0.0006635,0.000741,0.0008002,0.0009011,0.00101,0.001069,0.001182,0.001308,0.001412,0.0013050899999999968,0.0014078300000000049
-0.712,0.0006537,0.0006661,0.0007434,0.0008033,0.0009045,0.001014,0.001073,0.001185,0.001312,0.001416,0.0013086733333333297,0.0014118633333333273
-0.708,0.0006565,0.0006688,0.0007461,0.0008062,0.000908,0.001017,0.001076,0.00119,0.001317,0.001421,0.001314100000000004,0.0014177600000000008
-0.704,0.0006597,0.0006717,0.000749,0.0008095,0.0009116,0.001021,0.00108,0.001194,0.001322,0.001426,0.0013172733333333302,0.0014201799999999975
-0.7,0.000663,0.0006749,0.0007521,0.0008128,0.0009154,0.001025,0.001084,0.001199,0.001327,0.001431,0.0013236833333333373,0.0014266900000000013
-0.696,0.0006664,0.0006781,0.0007554,0.0008163,0.0009192,0.001029,0.001089,0.001203,0.001331,0.001436,0.001326066666666674,0.0014293266666666647
-0.692,0.00067,0.0006816,0.0007587,0.0008198,0.0009232,0.001034,0.001093,0.001208,0.001336,0.001441,0.00133066666666667,0.0014335266666666725
-0.688,0.0006736,0.0006852,0.0007622,0.0008237,0.0009273,0.001038,0.001098,0.001213,0.001341,0.001446,0.001335193333333332,0.001438110000000002
-0.684,0.0006774,0.0006889,0.0007659,0.0008279,0.0009316,0.001042,0.001102,0.001217,0.001346,0.001451,0.0013417100000000033,0.001444599999999995
-0.68,0.0006812,0.0006926,0.0007696,0.000832,0.0009359,0.001047,0.001107,0.001222,0.001351,0.001457,0.0013454533333333311,0.001448963333333328
-0.676,0.0006852,0.0006965,0.0007734,0.0008363,0.0009403,0.001052,0.001111,0.001227,0.001357,0.001462,0.0013525799999999967,0.0014567600000000018
-0.672,0.0006893,0.0007004,0.0007774,0.0008406,0.0009448,0.001056,0.001116,0.001233,0.001362,0.001467,0.0013591499999999937,0.001463869999999999
-0.668,0.0006936,0.0007045,0.0007813,0.0008451,0.0009493,0.001061,0.001121,0.001238,0.001367,0.001473,0.0013651033333333341,0.0014708899999999997
-0.664,0.0006977,0.0007087,0.0007855,0.0008495,0.0009539,0.001066,0.001126,0.001243,0.001372,0.001478,0.0013694966666666648,0.001475563333333328
-0.66,0.000702,0.0007129,0.0007897,0.0008541,0.0009587,0.001071,0.001131,0.001248,0.001378,0.001484,0.0013732299999999961,0.0014767333333333306
-0.656,0.0007062,0.0007172,0.0007939,0.0008584,0.0009634,0.001075,0.001135,0.001253,0.001383,0.001489,0.0013767200000000016,0.0014799700000000036
-0.652,0.0007107,0.0007214,0.000798,0.0008627,0.000968,0.00108,0.00114,0.001258,0.001389,0.001495,0.0013837066666666615,0.0014874966666666733
-0.648,0.0007152,0.0007257,0.0008022,0.0008673,0.0009726,0.001085,0.001145,0.001263,0.001394,0.0015,0.001386990000000002,0.0014901233333333354
-0.644,0.0007196,0.00073,0.0008064,0.000872,0.0009772,0.00109,0.001149,0.001268,0.001399,0.001506,0.001396039999999998,0.0015014633333333373
-0.64,0.0007241,0.0007342,0.0008108,0.0008767,0.0009816,0.001095,0.001154,0.001273,0.001404,0.001512,0.0013980033333333343,0.0015046900000000069
-0.636,0.0007286,0.0007386,0.0008151,0.0008816,0.0009862,0.0011,0.001159,0.001278,0.001409,0.001517,0.0014055333333333315,0.0015123699999999966
-0.632,0.0007329,0.0007431,0.0008194,0.0008861,0.0009908,0.001105,0.001164,0.001283,0.001414,0.001523,0.0014110366666666714,0.0015192333333333293
-0.628,0.0007374,0.0007477,0.0008235,0.0008907,0.0009955,0.001109,0.001169,0.001288,0.00142,0.001528,0.001413396666666663,0.0015209366666666586
-0.624,0.0007418,0.0007523,0.0008277,0.0008952,0.001,0.001114,0.001173,0.001292,0.001425,0.001533,0.0014219833333333357,0.0015292500000000009
-0.62,0.0007462,0.0007569,0.0008319,0.0008998,0.001005,0.001119,0.001178,0.001298,0.00143,0.001538,0.0014275733333333285,0.001535573333333331
-0.616,0.0007507,0.0007614,0.0008361,0.0009044,0.001009,0.001124,0.001183,0.001302,0.001435,0.001543,0.0014296600000000038,0.0015371433333333357
-0.612,0.0007551,0.0007659,0.0008402,0.0009088,0.001014,0.001128,0.001187,0.001307,0.001439,0.001548,0.0014372933333333389,0.001545526666666666
-0.608,0.0007594,0.0007703,0.0008442,0.0009131,0.001018,0.001132,0.001192,0.001312,0.001444,0.001553,0.001439640000000001,0.0015486266666666746
-0.604,0.0007637,0.0007746,0.0008481,0.0009174,0.001022,0.001137,0.001196,0.001316,0.001449,0.001558,0.0014446099999999957,0.0015539133333333363
-0.6,0.000768,0.0007788,0.0008521,0.0009214,0.001026,0.001141,0.0012,0.001321,0.001453,0.001563,0.0014516399999999954,0.0015605199999999964
-0.596,0.0007723,0.000783,0.0008562,0.0009256,0.00103,0.001145,0.001205,0.001325,0.001458,0.001568,0.0014565666666666686,0.00156621333333334
-0.592,0.0007764,0.0007871,0.0008601,0.0009294,0.001034,0.001149,0.001209,0.00133,0.001462,0.001572,0.0014597333333333383,0.0015692466666666711
-0.588,0.0007804,0.000791,0.000864,0.0009338,0.001038,0.001153,0.001213,0.001334,0.001466,0.001577,0.0014643800000000077,0.0015743866666666647
-0.584,0.0007842,0.0007948,0.0008676,0.0009379,0.001042,0.001157,0.001218,0.001338,0.00147,0.001581,0.001470076666666676,0.0015806766666666638
-0.58,0.0007877,0.0007984,0.0008711,0.0009415,0.001046,0.001161,0.001222,0.001342,0.001475,0.001586,0.0014730333333333385,0.0015834033333333253
-0.576,0.0007911,0.0008017,0.0008744,0.0009447,0.00105,0.001165,0.001225,0.001346,0.001479,0.00159,0.0014765766666666716,0.001586463333333326
-0.572,0.0007943,0.000805,0.0008778,0.0009476,0.001053,0.001169,0.001229,0.00135,0.001483,0.001594,0.0014799066666666737,0.0015884933333333302
-0.568,0.0007973,0.0008079,0.0008811,0.0009501,0.001057,0.001172,0.001233,0.001354,0.001487,0.001599,0.0014845500000000046,0.0015940800000000027
-0.564,0.0008,0.0008109,0.0008843,0.0009535,0.00106,0.001176,0.001236,0.001357,0.001491,0.001603,0.001488386666666673,0.001598080000000005
-0.56,0.0008025,0.0008136,0.0008873,0.0009566,0.001063,0.001179,0.00124,0.001361,0.001495,0.001608,0.0014915400000000071,0.0016014266666666672
-0.556,0.0008047,0.0008162,0.0008904,0.0009596,0.001066,0.001183,0.001243,0.001365,0.0015,0.001612,0.0014949466666666694,0.0016038666666666685
-0.552,0.0008065,0.0008185,0.0008933,0.0009622,0.001069,0.001186,0.001247,0.001368,0.001504,0.001616,0.0014951566666666703,0.0016025233333333366
-0.548,0.0008081,0.0008205,0.000896,0.0009649,0.001072,0.001189,0.00125,0.001372,0.001508,0.001621,0.0015025600000000054,0.0016114466666666636
-0.544,0.0008093,0.0008223,0.0008985,0.0009673,0.001074,0.001192,0.001253,0.001376,0.001512,0.001625,0.0015101200000000074,0.0016214499999999959
-0.54,0.0008104,0.000824,0.0009009,0.0009697,0.001077,0.001195,0.001257,0.001379,0.001516,0.00163,0.001514010000000005,0.0016261533333333388
-0.536,0.0008113,0.0008256,0.000903,0.0009719,0.001079,0.001198,0.00126,0.001383,0.001521,0.001634,0.0015181866666666647,0.001630816666666674
-0.532,0.000812,0.000827,0.000905,0.000974,0.001081,0.0012,0.001263,0.001386,0.001525,0.001639,0.001522513333333332,0.0016357900000000024
-0.528,0.0008124,0.0008282,0.000907,0.0009758,0.001083,0.001203,0.001267,0.00139,0.00153,0.001643,0.0015277899999999937,0.0016400666666666695
-0.524,0.0008129,0.0008294,0.0009089,0.0009777,0.001085,0.001206,0.00127,0.001394,0.001534,0.001648,0.0015320366666666614,0.0016450599999999966
-0.52,0.0008133,0.0008306,0.0009107,0.0009793,0.001087,0.001209,0.001274,0.001398,0.001539,0.001654,0.001537803333333337,0.001651853333333329
-0.516,0.0008137,0.0008316,0.0009125,0.0009811,0.001089,0.001212,0.001277,0.001402,0.001544,0.001659,0.001543133333333329,0.0016581533333333367
-0.512,0.0008139,0.0008326,0.0009143,0.0009827,0.001092,0.001215,0.00128,0.001406,0.001548,0.001664,0.00154650333333333,0.0016621899999999992
-0.508,0.0008141,0.0008335,0.0009161,0.0009843,0.001094,0.001218,0.001284,0.00141,0.001553,0.001669,0.0015494666666666728,0.0016649833333333265
-0.504,0.0008142,0.0008344,0.0009179,0.0009859,0.001097,0.001221,0.001287,0.001414,0.001558,0.001674,0.0015549733333333363,0.0016696433333333346
-0.5,0.0008141,0.0008353,0.0009199,0.0009877,0.001099,0.001224,0.001291,0.001419,0.001563,0.001679,0.0015569166666666635,0.0016704399999999942
-0.496,0.0008141,0.0008361,0.0009217,0.0009895,0.001101,0.001228,0.001295,0.001423,0.001568,0.001685,0.0015496566666666713,0.0016568099999999973
-0.492,0.000814,0.0008369,0.0009236,0.0009915,0.001104,0.001231,0.001298,0.001427,0.001573,0.001691,0.0015643966666666642,0.0016766033333333308
-0.488,0.0008137,0.0008377,0.0009257,0.0009935,0.001106,0.001234,0.001302,0.001432,0.001578,0.001696,0.0015732333333333386,0.001688046666666659
-0.484,0.0008132,0.0008384,0.0009279,0.0009956,0.001109,0.001238,0.001306,0.001436,0.001583,0.001702,0.0015811333333333353,0.0016986533333333271
-0.48,0.0008128,0.000839,0.0009302,0.0009978,0.001112,0.001241,0.00131,0.00144,0.001589,0.001707,0.001586536666666669,0.0017033766666666684
-0.476,0.0008122,0.0008396,0.0009324,0.001,0.001115,0.001245,0.001314,0.001445,0.001594,0.001713,0.0015916599999999986,0.0017089300000000074
-0.472,0.0008118,0.0008402,0.0009344,0.001002,0.001117,0.001249,0.001318,0.00145,0.001599,0.001719,0.0015983400000000032,0.0017177866666666741
-0.468,0.0008115,0.0008407,0.0009362,0.001004,0.00112,0.001252,0.001322,0.001454,0.001604,0.001725,0.0016027699999999982,0.0017230066666666635
-0.464,0.0008112,0.0008412,0.0009377,0.001006,0.001123,0.001256,0.001327,0.001459,0.00161,0.00173,0.0016084899999999984,0.0017282833333333366
-0.46,0.0008112,0.0008418,0.0009393,0.001009,0.001127,0.00126,0.001331,0.001464,0.001615,0.001736,0.0016135966666666608,0.0017337066666666715
-0.456,0.0008114,0.0008426,0.0009409,0.001011,0.00113,0.001264,0.001335,0.001469,0.001621,0.001742,0.0016189533333333295,0.001739266666666674
-0.452,0.0008118,0.0008435,0.0009425,0.001013,0.001133,0.001268,0.001339,0.001474,0.001626,0.001748,0.0016232700000000028,0.0017430800000000084
-0.448,0.0008123,0.0008446,0.0009442,0.001015,0.001136,0.001272,0.001344,0.001479,0.001632,0.001754,0.0016269733333333382,0.0017453933333333286
-0.444,0.0008131,0.0008458,0.0009457,0.001017,0.001139,0.001276,0.001348,0.001484,0.001638,0.00176,0.0016318833333333266,0.0017504966666666622
-0.44,0.0008141,0.0008471,0.000947,0.001018,0.001142,0.00128,0.001352,0.001489,0.001643,0.001767,0.0016357866666666676,0.0017548966666666684
-0.436,0.0008153,0.0008485,0.0009483,0.00102,0.001145,0.001284,0.001357,0.001494,0.001649,0.001773,0.0016417866666666732,0.0017613633333333396
-0.432,0.0008166,0.00085,0.0009496,0.001023,0.001148,0.001288,0.001362,0.001499,0.001655,0.001779,0.0016500333333333398,0.00177066666666666
-0.428,0.0008181,0.0008518,0.0009511,0.001025,0.001151,0.001292,0.001366,0.001504,0.001661,0.001785,0.001652866666666674,0.0017725299999999948
-0.424,0.0008197,0.0008536,0.0009527,0.001027,0.001155,0.001297,0.001371,0.001509,0.001666,0.001791,0.0016565200000000023,0.001775873333333326
-0.42,0.0008217,0.0008556,0.0009544,0.00103,0.001158,0.001301,0.001376,0.001515,0.001672,0.001797,0.0016664766666666712,0.0017892233333333307
-0.416,0.0008237,0.0008579,0.0009563,0.001032,0.001162,0.001305,0.00138,0.00152,0.001678,0.001804,0.001677030000000008,0.0018021066666666736
-0.412,0.0008258,0.0008599,0.0009582,0.001035,0.001165,0.00131,0.001385,0.001526,0.001684,0.00181,0.0016827433333333407,0.001808626666666662
-0.408,0.0008279,0.0008619,0.0009603,0.001037,0.001169,0.001314,0.00139,0.001531,0.00169,0.001816,0.0016879133333333406,0.001813059999999996
-0.404,0.0008301,0.0008639,0.0009628,0.00104,0.001173,0.001319,0.001395,0.001536,0.001696,0.001822,0.0016928999999999952,0.0018177166666666614
-0.4,0.0008322,0.0008659,0.0009654,0.001044,0.001177,0.001323,0.0014,0.001541,0.001702,0.001828,0.0017003399999999925,0.0018257533333333313
-0.396,0.0008344,0.0008679,0.0009682,0.001047,0.001181,0.001328,0.001405,0.001547,0.001708,0.001835,0.0017051166666666598,0.001830543333333328
-0.392,0.0008367,0.00087,0.0009711,0.001051,0.001185,0.001333,0.00141,0.001553,0.001715,0.001841,0.0017099666666666703,0.0018333533333333262
-0.388,0.0008391,0.000872,0.000974,0.001054,0.001189,0.001338,0.001415,0.001559,0.001721,0.001848,0.0017126599999999932,0.0018346533333333317
-0.384,0.0008416,0.0008739,0.000977,0.001058,0.001194,0.001343,0.001421,0.001564,0.001727,0.001855,0.0017154599999999937,0.001835820000000001
-0.38,0.0008441,0.0008759,0.0009802,0.001061,0.001198,0.001348,0.001426,0.00157,0.001734,0.001861,0.001728870000000006,0.001852973333333334
-0.376,0.0008467,0.000878,0.0009835,0.001065,0.001202,0.001353,0.001432,0.001576,0.00174,0.001868,0.001732806666666673,0.0018557833333333277
-0.372,0.0008493,0.0008801,0.000987,0.001069,0.001207,0.001358,0.001437,0.001582,0.001747,0.001874,0.0017387000000000019,0.0018613066666666634
-0.368,0.0008521,0.0008824,0.0009906,0.001073,0.001212,0.001363,0.001443,0.001588,0.001754,0.001881,0.0017491733333333303,0.0018732566666666728
-0.364,0.000855,0.0008846,0.0009943,0.001077,0.001216,0.001369,0.001449,0.001595,0.001761,0.001888,0.001756106666666671,0.0018806466666666684
-0.36,0.0008579,0.000887,0.000998,0.001081,0.001221,0.001374,0.001455,0.001601,0.001768,0.001895,0.0017637766666666673,0.001888919999999995
-0.356,0.0008609,0.0008896,0.001002,0.001085,0.001226,0.00138,0.001461,0.001607,0.001775,0.001902,0.0017716133333333399,0.0018973599999999998
-0.352,0.000864,0.0008923,0.001006,0.00109,0.001231,0.001386,0.001467,0.001614,0.001782,0.001909,0.0017786066666666692,0.001904103333333334
-0.348,0.0008673,0.0008951,0.00101,0.001095,0.001237,0.001392,0.001474,0.00162,0.001789,0.001916,0.0017841866666666658,0.0019079733333333283
-0.344,0.0008706,0.000898,0.001014,0.001099,0.001243,0.001398,0.00148,0.001627,0.001797,0.001924,0.001785603333333333,0.001905959999999998
-0.34,0.0008742,0.0009011,0.001019,0.001104,0.001248,0.001404,0.001486,0.001634,0.001804,0.001931,0.0017990200000000038,0.001922000000000006
-0.336,0.0008781,0.0009045,0.001023,0.001109,0.001254,0.00141,0.001493,0.001641,0.001812,0.001939,0.0018016299999999985,0.0019227600000000092
-0.332,0.0008822,0.000908,0.001028,0.001114,0.00126,0.001416,0.0015,0.001648,0.00182,0.001946,0.0018048066666666628,0.0019220900000000041
-0.328,0.0008867,0.0009119,0.001034,0.00112,0.001266,0.001423,0.001507,0.001655,0.001828,0.001954,0.0018164866666666672,0.001935640000000008
-0.324,0.0008915,0.0009159,0.001039,0.001125,0.001272,0.001429,0.001515,0.001663,0.001836,0.001962,0.0018259599999999997,0.001946123333333342
-0.32,0.0008965,0.0009201,0.001044,0.001131,0.001279,0.001436,0.001522,0.001671,0.001843,0.00197,0.0018339099999999983,0.0019551533333333443
-0.316,0.0009018,0.0009248,0.00105,0.001137,0.001286,0.001443,0.00153,0.001678,0.001852,0.001978,0.001844186666666668,0.001965986666666668
-0.312,0.0009075,0.0009298,0.001056,0.001143,0.001292,0.00145,0.001538,0.001686,0.00186,0.001987,0.0018478166666666591,0.0019670633333333325
-0.308,0.0009136,0.0009352,0.001062,0.00115,0.001299,0.001458,0.001545,0.001694,0.001869,0.001995,0.0018567933333333386,0.001975123333333335
-0.304,0.0009203,0.000941,0.001069,0.001156,0.001307,0.001465,0.001553,0.001702,0.001877,0.002003,0.0018683466666666734,0.001989339999999993
-0.3,0.0009275,0.0009471,0.001076,0.001163,0.001314,0.001472,0.001561,0.00171,0.001886,0.002011,0.001872363333333337,0.0019896199999999958
-0.296,0.0009353,0.0009536,0.001083,0.00117,0.001322,0.00148,0.001569,0.001718,0.001895,0.00202,0.001876566666666663,0.001990853333333338
-0.292,0.0009437,0.0009607,0.00109,0.001178,0.00133,0.001489,0.001577,0.001727,0.001904,0.002029,0.0018735066666666703,0.00198115333333333
-0.288,0.0009528,0.0009683,0.001098,0.001186,0.001338,0.001497,0.001586,0.001736,0.001913,0.002039,0.0018923033333333372,0.0020056900000000057
-0.284,0.0009623,0.0009763,0.001106,0.001195,0.001347,0.001506,0.001595,0.001745,0.001924,0.002049,0.0019031499999999993,0.0020167433333333367
-0.28,0.0009725,0.0009849,0.001115,0.001204,0.001356,0.001515,0.001605,0.001754,0.001934,0.002059,0.0019114566666666606,0.0020239833333333315
-0.276,0.0009834,0.0009941,0.001124,0.001213,0.001366,0.001524,0.001615,0.001764,0.001945,0.002069,0.0019275099999999904,0.002042083333333329
-0.272,0.000995,0.001004,0.001134,0.001223,0.001376,0.001535,0.001625,0.001775,0.001956,0.00208,0.001939053333333334,0.0020532033333333344
-0.268,0.001007,0.001014,0.001144,0.001234,0.001386,0.001545,0.001636,0.001786,0.001968,0.002092,0.001943090000000004,0.002052819999999993
-0.264,0.001021,0.001026,0.001154,0.001245,0.001397,0.001556,0.001646,0.001797,0.001981,0.002103,0.0019419233333333383,0.0020434833333333336
-0.26,0.001035,0.001039,0.001165,0.001257,0.001409,0.001567,0.001658,0.001809,0.001994,0.002116,0.0019669000000000023,0.0020741366666666714
-0.256,0.00105,0.001052,0.001177,0.00127,0.001422,0.00158,0.00167,0.001821,0.002007,0.002129,0.0019740833333333286,0.0020790233333333385
-0.252,0.001067,0.001067,0.001189,0.001283,0.001435,0.001592,0.001683,0.001835,0.002022,0.002142,0.0019834966666666693,0.00208307666666666
-0.248,0.001085,0.001083,0.001203,0.001297,0.001449,0.001606,0.001697,0.001849,0.002038,0.002156,0.0019999733333333296,0.0020986833333333363
-0.244,0.001105,0.0011,0.001217,0.001312,0.001463,0.00162,0.001711,0.001864,0.002054,0.002171,0.0020163133333333323,0.0021170700000000026
-0.24,0.001126,0.001119,0.001232,0.001328,0.001479,0.001636,0.001727,0.00188,0.002071,0.002187,0.0020274633333333338,0.00212275666666667
-0.236,0.001149,0.001139,0.001248,0.001345,0.001495,0.001652,0.001744,0.001896,0.00209,0.002203,0.0020470099999999993,0.002140389999999998
-0.232,0.001174,0.001161,0.001266,0.001364,0.001513,0.001669,0.001761,0.001914,0.002109,0.00222,0.002068000000000013,0.0021612700000000016
-0.228,0.001201,0.001185,0.001285,0.001383,0.001532,0.001687,0.00178,0.001933,0.00213,0.002238,0.0020898066666666672,0.0021813199999999987
-0.224,0.001231,0.001211,0.001306,0.001404,0.001552,0.001707,0.0018,0.001953,0.002151,0.002256,0.0021037333333333397,0.0021896733333333345
-0.22,0.001263,0.001239,0.001328,0.001427,0.001574,0.001728,0.001821,0.001974,0.002174,0.002276,0.00212632666666667,0.00221182666666666
-0.216,0.001299,0.00127,0.001352,0.001452,0.001597,0.001751,0.001844,0.001997,0.002198,0.002296,0.00215508,0.002240043333333331
-0.212,0.001337,0.001303,0.001377,0.001479,0.001623,0.001775,0.001868,0.002022,0.002223,0.002317,0.002180333333333324,0.002262936666666674
-0.208,0.001379,0.001339,0.001405,0.001507,0.00165,0.001801,0.001894,0.002047,0.00225,0.002339,0.0021994599999999895,0.0022761133333333255
-0.204,0.001425,0.001379,0.001435,0.001537,0.001678,0.001828,0.001922,0.002074,0.002277,0.002361,0.002232586666666655,0.0023076166666666596
-0.2,0.001474,0.001422,0.001467,0.00157,0.001709,0.001858,0.001952,0.002103,0.002305,0.002385,0.002269419999999999,0.0023439466666666663
-0.196,0.001528,0.001469,0.001503,0.001605,0.001743,0.001889,0.001983,0.002133,0.002335,0.002409,0.0022955333333333234,0.0023649233333333294
-0.192,0.001586,0.00152,0.001541,0.001643,0.001778,0.001923,0.002016,0.002164,0.002366,0.002434,0.0023189533333333257,0.0023831666666666736
-0.188,0.001648,0.001575,0.001584,0.001684,0.001816,0.001959,0.002052,0.002198,0.002397,0.00246,0.0023392766666666615,0.002396510000000006
-0.184,0.001714,0.001634,0.001629,0.001729,0.001857,0.001998,0.002089,0.002233,0.002429,0.002486,0.0023774766666666705,0.0024334166666666614
-0.18,0.001784,0.001698,0.001678,0.001776,0.0019,0.002039,0.002129,0.002269,0.002462,0.002514,0.0024191666666666637,0.002471810000000004
-0.176,0.001858,0.001765,0.00173,0.001827,0.001946,0.002082,0.00217,0.002306,0.002495,0.002542,0.002458433333333344,0.002505523333333339
-0.172,0.001937,0.001836,0.001785,0.001881,0.001995,0.002128,0.002213,0.002344,0.002529,0.002571,0.0024960366666666703,0.0025406133333333294
-0.168,0.002019,0.001912,0.001844,0.001938,0.002047,0.002175,0.002258,0.002384,0.002563,0.0026,0.0025337099999999937,0.00257465333333334
-0.164,0.002105,0.001992,0.001906,0.001999,0.002101,0.002225,0.002305,0.002423,0.002597,0.002629,0.0025649533333333254,0.002603129999999997
-0.16,0.002195,0.002075,0.001971,0.002064,0.002158,0.002276,0.002353,0.002463,0.002631,0.002659,0.0026018300000000107,0.002635326666666661
-0.156,0.002287,0.002163,0.00204,0.002132,0.002218,0.00233,0.002402,0.002504,0.002664,0.002689,0.002633173333333334,0.002665483333333345
-0.152,0.002382,0.002253,0.002113,0.002203,0.002281,0.002385,0.002452,0.002544,0.002697,0.00272,0.002661299999999991,0.002690063333333345
-0.148,0.002478,0.002347,0.002189,0.002277,0.002345,0.002442,0.002502,0.002584,0.002729,0.002751,0.002700396666666658,0.002727946666666656
-0.144,0.002576,0.002443,0.002267,0.002353,0.002411,0.0025,0.002551,0.002624,0.00276,0.002782,0.002732959999999994,0.002758473333333322
-0.14,0.002675,0.002541,0.002348,0.002431,0.002479,0.002558,0.0026,0.002662,0.00279,0.002813,0.0027620399999999904,0.002786703333333326
-0.136,0.002775,0.002642,0.00243,0.00251,0.002546,0.002616,0.002648,0.002699,0.002818,0.002843,0.002796309999999994,0.0028225300000000062
-0.132,0.002874,0.002744,0.002514,0.002592,0.002615,0.002673,0.002694,0.002734,0.002845,0.002873,0.002820143333333326,0.002844500000000004
-0.128,0.002973,0.002847,0.002598,0.002675,0.002684,0.00273,0.002738,0.002767,0.00287,0.002902,0.0028450933333333405,0.002871866666666658
-0.124,0.00307,0.00295,0.002682,0.002759,0.002753,0.002785,0.00278,0.002798,0.002893,0.002931,0.0028712166666666756,0.002901853333333339
-0.12,0.003165,0.003051,0.002765,0.002843,0.002821,0.002839,0.002817,0.002826,0.002915,0.002959,0.0028969866666666666,0.002930563333333346
-0.116,0.003258,0.003151,0.002846,0.002927,0.002888,0.002891,0.002851,0.002851,0.002934,0.002985,0.00290893333333333,0.002945723333333339
-0.112,0.003348,0.003249,0.002926,0.003009,0.002951,0.002941,0.002879,0.002872,0.002951,0.003009,0.0029295700000000068,0.0029747800000000115
-0.108,0.003436,0.003344,0.003003,0.003089,0.003012,0.002986,0.002903,0.00289,0.002966,0.003031,0.0029522400000000105,0.0030083066666666733
-0.104,0.00352,0.003434,0.003077,0.003165,0.003067,0.003026,0.00292,0.002904,0.002978,0.003051,0.002950390000000008,0.00300856666666668
-0.1,0.003601,0.00352,0.003147,0.003238,0.003116,0.003061,0.002932,0.002914,0.002988,0.003068,0.0029673733333333294,0.0030423733333333237
-0.096,0.003677,0.003601,0.003213,0.003307,0.003159,0.003088,0.002939,0.002921,0.002996,0.003083,0.0029660666666666644,0.003052783333333318
-0.092,0.003748,0.003678,0.003273,0.003368,0.003195,0.003109,0.002941,0.002927,0.003003,0.003096,0.002979743333333326,0.003065006666666657
-0.088,0.003814,0.00375,0.003325,0.003423,0.003223,0.003121,0.002938,0.00293,0.003009,0.003107,0.0030035800000000057,0.0030976666666666587
-0.084,0.003876,0.003816,0.00337,0.003469,0.003242,0.003127,0.002932,0.002932,0.003015,0.003118,0.003004606666666666,0.003092379999999989
-0.08,0.003932,0.003874,0.003406,0.003505,0.003252,0.003124,0.002923,0.002934,0.003021,0.003128,0.0030072000000000106,0.0030972966666666666
-0.076,0.003982,0.003923,0.003432,0.003529,0.003253,0.003115,0.002913,0.002936,0.003027,0.003137,0.0030158100000000037,0.003112283333333317
-0.072,0.004025,0.003962,0.003448,0.003543,0.003246,0.0031,0.002903,0.002939,0.003032,0.003146,0.00303117333333334,0.0031431133333333218
-0.068,0.004062,0.003989,0.003452,0.003544,0.00323,0.003082,0.002894,0.002942,0.003038,0.003153,0.0030356833333333288,0.0031496633333333236
-0.064,0.004092,0.004005,0.003444,0.003534,0.003207,0.00306,0.002888,0.002946,0.003042,0.00316,0.0030386966666666585,0.0031554666666666785
-0.06,0.004116,0.004008,0.003423,0.003513,0.003179,0.003037,0.002884,0.002949,0.003046,0.003166,0.003041833333333327,0.003159583333333334
-0.056,0.004132,0.003998,0.003389,0.003478,0.003147,0.003016,0.002881,0.002952,0.00305,0.003172,0.003042843333333331,0.0031602233333333203
-0.052,0.004143,0.003975,0.003344,0.003433,0.003115,0.002998,0.00288,0.002956,0.003054,0.003177,0.003048746666666668,0.003168049999999991
-0.048,0.004147,0.003939,0.00329,0.00338,0.003086,0.002984,0.00288,0.002959,0.003058,0.003181,0.0030537933333333375,0.0031748366666666614
-0.044,0.004144,0.003891,0.003227,0.003322,0.00306,0.002973,0.002882,0.002963,0.003063,0.003186,0.003055480000000008,0.00317462000000001
-0.04,0.004132,0.003833,0.00316,0.003263,0.003038,0.002966,0.002885,0.002968,0.003068,0.003191,0.003048656666666658,0.003159683333333349
-0.036,0.00411,0.003769,0.003093,0.003206,0.003019,0.002961,0.002889,0.002973,0.003073,0.003195,0.0030596433333333266,0.0031752599999999866
-0.032,0.004078,0.003702,0.003029,0.003153,0.003003,0.002958,0.002894,0.002979,0.003077,0.003199,0.0030712766666666632,0.003188433333333317
-0.028,0.00404,0.003636,0.002973,0.003106,0.00299,0.002957,0.0029,0.002985,0.003082,0.003203,0.003079053333333337,0.0031994233333333187
-0.024,0.003998,0.003572,0.002927,0.003066,0.00298,0.002959,0.002907,0.002991,0.003086,0.003206,0.003083756666666673,0.003203756666666676
-0.02,0.003953,0.00351,0.002893,0.003034,0.002974,0.002963,0.002915,0.002998,0.003089,0.00321,0.0030865833333333374,0.0032071433333333453
-0.016,0.003906,0.003448,0.002872,0.003009,0.00297,0.002968,0.002923,0.003004,0.003092,0.003212,0.003090976666666662,0.003210713333333334
-0.012,0.003855,0.003388,0.002864,0.002992,0.00297,0.002976,0.002932,0.003011,0.003094,0.003214,0.003093316666666673,0.0032127800000000097
-0.008,0.003801,0.003334,0.002866,0.002983,0.002974,0.002985,0.002942,0.003018,0.003096,0.003215,0.003094633333333325,0.0032125433333333275
-0.004,0.003745,0.00329,0.002876,0.002982,0.00298,0.002996,0.002951,0.003023,0.003095,0.003215,0.0030945233333333224,0.003212689999999994
0.0,0.00369,0.003265,0.002892,0.002988,0.002988,0.003007,0.002959,0.003027,0.003094,0.003214,0.003093503333333343,0.0032130166666666806
0.004,0.003644,0.003259,0.002911,0.002999,0.002999,0.003018,0.002968,0.003031,0.003091,0.003211,0.0030900799999999885,0.0032098599999999923
0.008,0.003613,0.003272,0.002933,0.003015,0.003012,0.003031,0.002975,0.003033,0.003087,0.003208,0.00308601333333332,0.0032066466666666586
0.012,0.003603,0.003296,0.002956,0.003034,0.003028,0.003043,0.002982,0.003035,0.003081,0.003203,0.0030804166666666658,0.0032021699999999894
0.016,0.003615,0.003327,0.002978,0.003056,0.003045,0.003055,0.002987,0.003035,0.003074,0.003198,0.0030749700000000063,0.0031983600000000047
0.02,0.003643,0.003361,0.003001,0.003079,0.003063,0.003066,0.002992,0.003034,0.003065,0.00319,0.003063416666666663,0.003187560000000012
0.024,0.003681,0.003395,0.003024,0.003103,0.003081,0.003075,0.002994,0.003031,0.003055,0.003181,0.003053190000000005,0.0031778099999999984
0.028,0.003722,0.00343,0.003047,0.003126,0.003098,0.003083,0.002995,0.003026,0.003044,0.003171,0.0030448833333333422,0.003167516666666674
0.032,0.003761,0.003464,0.00307,0.003148,0.003114,0.00309,0.002995,0.00302,0.00303,0.003158,0.0030330399999999934,0.003155316666666667
0.036,0.003797,0.003496,0.003093,0.003169,0.003128,0.003095,0.002992,0.003012,0.003014,0.003144,0.003008649999999993,0.003130463333333344
0.04,0.003829,0.003527,0.003113,0.003188,0.003142,0.003098,0.002987,0.003002,0.002997,0.003128,0.002987540000000012,0.0030975566666666763
0.044,0.003858,0.003555,0.003132,0.003205,0.003153,0.003099,0.00298,0.00299,0.002977,0.003111,0.002963746666666671,0.003065893333333325
0.048,0.003884,0.003581,0.00315,0.00322,0.003163,0.003097,0.00297,0.002976,0.002956,0.003091,0.0029514466666666563,0.003066489999999988
0.052,0.003905,0.003604,0.003165,0.003233,0.003171,0.003094,0.002959,0.00296,0.002933,0.003069,0.0029330833333333257,0.003051316666666658
0.056,0.003922,0.003624,0.003177,0.003244,0.003176,0.003088,0.002945,0.002941,0.002908,0.003046,0.002909980000000009,0.003034326666666663
0.06,0.003934,0.00364,0.003188,0.003252,0.003179,0.003079,0.002929,0.002921,0.002881,0.003021,0.0028875633333333432,0.003016080000000013
0.064,0.003942,0.003652,0.003195,0.003257,0.00318,0.003068,0.002909,0.002898,0.002853,0.002994,0.002859819999999997,0.0029868600000000148
0.068,0.003943,0.00366,0.0032,0.00326,0.003178,0.003053,0.002887,0.002872,0.002822,0.002965,0.0028319666666666594,0.0029595466666666654
0.072,0.003939,0.003661,0.0032,0.003259,0.003172,0.003036,0.002862,0.002844,0.00279,0.002934,0.0027905566666666555,0.0029195433333333272
0.076,0.003928,0.003657,0.003197,0.003256,0.003163,0.003015,0.002834,0.002814,0.002756,0.002902,0.0027576433333333233,0.0028892266666666546
0.08,0.003911,0.003646,0.00319,0.003249,0.00315,0.002991,0.002804,0.002781,0.002721,0.002868,0.002727339999999988,0.002846116666666655
0.084,0.003886,0.003628,0.00318,0.003239,0.003134,0.002964,0.00277,0.002746,0.002684,0.002833,0.0026765633333333404,0.0027894899999999895
0.088,0.003852,0.003603,0.003165,0.003226,0.003114,0.002933,0.002734,0.002708,0.002646,0.002796,0.0026572733333333418,0.0027770766666666722
0.092,0.003808,0.003569,0.003146,0.003209,0.00309,0.002898,0.002696,0.002669,0.002608,0.002758,0.0026228366666666814,0.0027439300000000086
0.096,0.003752,0.003528,0.003123,0.003188,0.003061,0.002859,0.002655,0.002627,0.002568,0.002719,0.0025916033333333397,0.002708550000000012
0.1,0.003686,0.003477,0.003094,0.003161,0.003028,0.002816,0.002612,0.002584,0.002528,0.002679,0.0025354166666666576,0.002657786666666658
0.104,0.003609,0.003417,0.00306,0.00313,0.00299,0.00277,0.002566,0.002539,0.002487,0.002639,0.0025150500000000035,0.0026348266666666544
0.108,0.003523,0.003348,0.003021,0.003093,0.002948,0.00272,0.002519,0.002494,0.002446,0.002598,0.0025013733333333257,0.0026189066666666596
0.112,0.003427,0.00327,0.002977,0.00305,0.002901,0.002668,0.00247,0.002448,0.002406,0.002558,0.002439476666666672,0.0025652699999999893
0.116,0.003322,0.003185,0.002928,0.003001,0.002849,0.002613,0.00242,0.002401,0.002366,0.002518,0.002388196666666659,0.0024981566666666764
0.12,0.003209,0.003091,0.002872,0.002947,0.002793,0.002556,0.00237,0.002355,0.002327,0.002479,0.0023566566666666645,0.0024771466666666715
0.124,0.003088,0.002989,0.002811,0.002887,0.002733,0.002497,0.002318,0.002309,0.002289,0.00244,0.0023266499999999965,0.0024445066666666654
0.128,0.002961,0.002879,0.002744,0.002821,0.002669,0.002436,0.002267,0.002263,0.002251,0.002403,0.002283960000000002,0.0024057366666666693
0.132,0.002829,0.002764,0.002672,0.00275,0.002602,0.002375,0.002215,0.002219,0.002215,0.002366,0.0022919399999999997,0.0023953133333333254
0.136,0.002694,0.002644,0.002595,0.002675,0.002531,0.002312,0.002164,0.002175,0.00218,0.002331,0.0022173133333333282,0.0023326766666666673
0.14,0.002558,0.00252,0.002514,0.002595,0.002459,0.00225,0.002115,0.002134,0.002146,0.002297,0.002205803333333326,0.0023035833333333294
0.144,0.002421,0.002395,0.002429,0.002512,0.002386,0.002189,0.002067,0.002093,0.002113,0.002264,0.0021343433333333326,0.0022313200000000015
0.148,0.002287,0.00227,0.002342,0.002426,0.002312,0.002129,0.00202,0.002054,0.002082,0.002232,0.002086899999999998,0.002180543333333338
0.152,0.002156,0.002148,0.002253,0.002339,0.002238,0.002072,0.001976,0.002017,0.002052,0.002202,0.0020525666666666724,0.002139583333333336
0.156,0.002031,0.002029,0.002164,0.002252,0.002165,0.002017,0.001933,0.001982,0.002024,0.002173,0.0020226100000000097,0.002126983333333326
0.16,0.001911,0.001915,0.002077,0.002165,0.002094,0.001964,0.001893,0.001948,0.001997,0.002146,0.0019916066666666767,0.002085379999999994
0.164,0.001799,0.001808,0.001992,0.00208,0.002025,0.001914,0.001855,0.001917,0.001972,0.002121,0.001967946666666658,0.0020441666666666707
0.168,0.001694,0.001707,0.001909,0.001997,0.001959,0.001867,0.001819,0.001886,0.001947,0.002096,0.0019444499999999975,0.0020230133333333272
0.172,0.001597,0.001614,0.00183,0.001918,0.001897,0.001822,0.001785,0.001858,0.001925,0.002073,0.001916143333333334,0.0019996499999999956
0.176,0.001508,0.001529,0.001754,0.001842,0.001837,0.00178,0.001752,0.001831,0.001903,0.002051,0.001895836666666662,0.0019801533333333407
0.18,0.001427,0.001451,0.001683,0.001771,0.001782,0.001741,0.001722,0.001806,0.001882,0.00203,0.0018681666666666692,0.001955219999999991
0.184,0.001353,0.001379,0.001616,0.001704,0.00173,0.001704,0.001694,0.001783,0.001862,0.002011,0.0018494499999999962,0.0019447199999999953
0.188,0.001285,0.001314,0.001554,0.001642,0.001681,0.00167,0.001668,0.00176,0.001844,0.001992,0.0018292366666666704,0.001926076666666663
0.192,0.001225,0.001256,0.001496,0.001584,0.001636,0.001638,0.001644,0.001739,0.001826,0.001973,0.0018107399999999969,0.0019021066666666676
0.196,0.00117,0.001203,0.001444,0.001531,0.001595,0.00161,0.001621,0.00172,0.001809,0.001956,0.0017871266666666685,0.001875023333333336
0.2,0.001121,0.001157,0.001396,0.001483,0.001557,0.001583,0.0016,0.001701,0.001792,0.00194,0.0017783366666666697,0.0018842400000000019
0.204,0.001077,0.001116,0.001352,0.001438,0.001522,0.001558,0.00158,0.001683,0.001777,0.001924,0.0017658766666666602,0.0018744333333333325
0.208,0.001038,0.001079,0.001312,0.001398,0.00149,0.001535,0.001562,0.001666,0.001761,0.001909,0.0017482500000000057,0.0018572833333333335
0.212,0.001002,0.001046,0.001277,0.001362,0.001461,0.001514,0.001544,0.00165,0.001747,0.001894,0.0017382066666666674,0.001855493333333333
0.216,0.0009705,0.001017,0.001244,0.001329,0.001434,0.001494,0.001527,0.001634,0.001733,0.00188,0.001723883333333331,0.001844943333333331
0.22,0.0009417,0.000991,0.001214,0.001299,0.001409,0.001475,0.001511,0.00162,0.001719,0.001867,0.001708873333333341,0.0018333366666666668
0.224,0.0009158,0.0009679,0.001187,0.001272,0.001386,0.001458,0.001496,0.001606,0.001706,0.001854,0.0016923899999999963,0.00180594333333334
0.228,0.0008925,0.000947,0.001163,0.001247,0.001365,0.001441,0.001482,0.001592,0.001694,0.001841,0.0016815199999999926,0.0018028599999999973
0.232,0.0008714,0.0009282,0.001141,0.001225,0.001346,0.001426,0.001468,0.00158,0.001682,0.001829,0.001671893333333337,0.0017960766666666724
0.236,0.0008522,0.0009112,0.001121,0.001205,0.001328,0.001412,0.001456,0.001567,0.00167,0.001817,0.0016568133333333362,0.0017759900000000046
0.24,0.0008348,0.0008959,0.001102,0.001186,0.001311,0.001398,0.001443,0.001555,0.001659,0.001805,0.0016419433333333387,0.00175334
0.244,0.0008188,0.0008822,0.001086,0.001168,0.001295,0.001385,0.001431,0.001544,0.001648,0.001794,0.001634406666666663,0.0017513000000000019
0.248,0.0008042,0.0008697,0.00107,0.001152,0.00128,0.001373,0.00142,0.001533,0.001637,0.001783,0.0016182966666666656,0.0017295599999999944
0.252,0.000791,0.0008582,0.001056,0.001137,0.001267,0.001361,0.001409,0.001522,0.001627,0.001773,0.0016080699999999944,0.0017209833333333413
0.256,0.0007789,0.0008479,0.001042,0.001124,0.001254,0.00135,0.001399,0.001512,0.001617,0.001762,0.001601489999999994,0.0017147266666666654
0.26,0.0007678,0.0008384,0.00103,0.001111,0.001242,0.001339,0.001389,0.001502,0.001607,0.001752,0.0015910766666666725,0.0017071333333333264
0.264,0.0007574,0.0008297,0.001019,0.001099,0.001231,0.001329,0.001379,0.001493,0.001598,0.001743,0.0015824466666666615,0.0017003833333333307
0.268,0.0007478,0.0008216,0.001009,0.001088,0.00122,0.001319,0.00137,0.001484,0.001589,0.001733,0.001574903333333336,0.0016892366666666633
0.272,0.0007387,0.0008141,0.0009988,0.001078,0.001209,0.00131,0.001361,0.001475,0.00158,0.001724,0.001565540000000007,0.0016805566666666697
0.276,0.0007304,0.0008071,0.0009899,0.001069,0.001199,0.001301,0.001352,0.001466,0.001571,0.001715,0.0015578666666666617,0.0016777766666666713
0.28,0.0007226,0.0008007,0.0009814,0.00106,0.00119,0.001292,0.001344,0.001457,0.001563,0.001706,0.001548239999999995,0.0016635966666666646
0.284,0.0007154,0.0007947,0.0009734,0.001051,0.001181,0.001284,0.001336,0.001449,0.001555,0.001697,0.0015427733333333242,0.0016646133333333348
0.288,0.0007087,0.0007891,0.0009657,0.001042,0.001173,0.001276,0.001328,0.001441,0.001546,0.001689,0.0015324233333333297,0.0016512866666666649
0.292,0.0007024,0.0007837,0.0009581,0.001034,0.001164,0.001268,0.00132,0.001433,0.001538,0.00168,0.001525929999999996,0.0016465133333333365
0.296,0.0006964,0.0007785,0.0009509,0.001027,0.001157,0.00126,0.001312,0.001425,0.00153,0.001672,0.00151658666666666,0.001630760000000003
0.3,0.000691,0.0007738,0.0009442,0.00102,0.001149,0.001252,0.001305,0.001418,0.001523,0.001665,0.0015069499999999982,0.00162231000000001
0.304,0.0006858,0.0007693,0.0009377,0.001013,0.001141,0.001245,0.001298,0.00141,0.001516,0.001657,0.0015014600000000044,0.0016175200000000062
0.308,0.0006807,0.000765,0.0009316,0.001007,0.001134,0.001238,0.001291,0.001403,0.001508,0.001649,0.001498733333333336,0.0016180166666666716
0.312,0.0006761,0.0007611,0.0009258,0.001,0.001127,0.001231,0.001284,0.001396,0.001501,0.001642,0.0014912899999999939,0.0016096699999999953
0.316,0.0006715,0.0007571,0.0009201,0.0009942,0.001121,0.001225,0.001277,0.001389,0.001494,0.001634,0.00148096333333333,0.001592586666666671
0.32,0.0006672,0.0007533,0.0009147,0.0009885,0.001114,0.001218,0.00127,0.001382,0.001488,0.001627,0.0014848533333333294,0.0016065199999999958
0.324,0.0006631,0.0007497,0.0009095,0.0009829,0.001108,0.001212,0.001264,0.001376,0.001481,0.001621,0.00148048666666667,0.001609129999999996
0.328,0.0006592,0.000746,0.0009044,0.0009774,0.001102,0.001206,0.001258,0.001369,0.001475,0.001615,0.0014716400000000015,0.0015976199999999938
0.332,0.0006554,0.0007425,0.0008996,0.0009721,0.001096,0.0012,0.001252,0.001363,0.001469,0.001608,0.0014661166666666652,0.0015963833333333313
0.336,0.0006519,0.0007392,0.0008952,0.0009669,0.00109,0.001194,0.001246,0.001357,0.001463,0.001602,0.0014626599999999965,0.0015923333333333295
0.34,0.0006483,0.0007359,0.0008907,0.0009618,0.001085,0.001188,0.00124,0.001351,0.001457,0.001596,0.0014565666666666603,0.0015876866666666605
0.344,0.0006449,0.0007328,0.0008863,0.0009569,0.001079,0.001183,0.001235,0.001345,0.001451,0.001589,0.0014486233333333288,0.0015774733333333347
0.348,0.0006415,0.0007298,0.000882,0.000952,0.001074,0.001177,0.001229,0.001339,0.001446,0.001583,0.0014450966666666666,0.00157392
0.352,0.0006384,0.0007269,0.0008777,0.0009475,0.001069,0.001172,0.001224,0.001334,0.00144,0.001577,0.0014344466666666646,0.001557369999999997
0.356,0.0006354,0.000724,0.0008736,0.0009434,0.001064,0.001167,0.001218,0.001329,0.001434,0.001571,0.0014332899999999968,0.0015654166666666622
0.36,0.0006323,0.0007212,0.0008698,0.0009393,0.001059,0.001162,0.001214,0.001324,0.001429,0.001566,0.001427556666666671,0.001558836666666671
0.364,0.0006294,0.0007186,0.0008661,0.0009352,0.001055,0.001156,0.001209,0.001319,0.001424,0.00156,0.0014199366666666638,0.0015478100000000023
0.368,0.0006266,0.0007159,0.0008625,0.000931,0.00105,0.001152,0.001205,0.001314,0.001419,0.001555,0.001414320000000002,0.001541553333333326
0.372,0.0006239,0.0007132,0.000859,0.0009266,0.001045,0.001147,0.0012,0.001309,0.001414,0.001549,0.0014097500000000054,0.0015357200000000037
0.376,0.0006213,0.0007105,0.0008555,0.0009225,0.00104,0.001143,0.001195,0.001304,0.001409,0.001544,0.0014049566666666652,0.0015312999999999985
0.38,0.0006189,0.0007079,0.000852,0.0009185,0.001036,0.001139,0.001191,0.001299,0.001404,0.001539,0.0014020666666666687,0.001533333333333338
0.384,0.0006164,0.0007054,0.0008487,0.0009148,0.001032,0.001135,0.001186,0.001294,0.001399,0.001534,0.0013966099999999987,0.0015273933333333303
0.388,0.0006141,0.0007032,0.0008455,0.0009112,0.001028,0.00113,0.001182,0.00129,0.001394,0.001529,0.0013898833333333357,0.0015188433333333357
0.392,0.0006117,0.0007009,0.0008423,0.0009079,0.001024,0.001126,0.001178,0.001285,0.001389,0.001524,0.001383936666666661,0.0015113566666666738
0.396,0.0006095,0.0006988,0.0008392,0.0009047,0.001021,0.001122,0.001174,0.001281,0.001385,0.001519,0.001381880000000004,0.0015096233333333326
0.4,0.0006073,0.0006965,0.0008362,0.0009016,0.001017,0.001118,0.001169,0.001277,0.001381,0.001515,0.001379413333333338,0.001509516666666663
0.404,0.0006052,0.0006944,0.0008333,0.0008985,0.001014,0.001114,0.001165,0.001273,0.001377,0.00151,0.0013730766666666709,0.0015004166666666714
0.408,0.0006031,0.0006922,0.0008305,0.0008954,0.00101,0.00111,0.001161,0.001269,0.001373,0.001506,0.0013684733333333397,0.0014935200000000014
0.412,0.000601,0.0006901,0.0008278,0.0008923,0.001007,0.001107,0.001157,0.001265,0.001369,0.001501,0.0013653166666666716,0.001490359999999995
0.416,0.0005989,0.0006878,0.0008251,0.0008894,0.001003,0.001103,0.001153,0.001261,0.001365,0.001497,0.0013622900000000032,0.001489800000000005
0.42,0.0005969,0.0006858,0.0008224,0.0008866,0.001,0.0011,0.00115,0.001257,0.001361,0.001492,0.0013587666666666671,0.0014855799999999974
0.424,0.000595,0.0006838,0.0008201,0.0008839,0.0009969,0.001096,0.001147,0.001253,0.001357,0.001488,0.0013537799999999976,0.0014812533333333293
0.428,0.0005932,0.000682,0.0008178,0.0008812,0.0009939,0.001093,0.001143,0.00125,0.001353,0.001485,0.001351433333333329,0.0014800466666666683
0.432,0.0005916,0.0006801,0.0008154,0.0008786,0.0009909,0.00109,0.00114,0.001246,0.001349,0.001481,0.0013476533333333296,0.001475390000000005
0.436,0.0005898,0.0006784,0.0008134,0.000876,0.0009881,0.001087,0.001137,0.001243,0.001346,0.001477,0.0013452200000000055,0.001473740000000004
0.44,0.0005881,0.0006766,0.0008113,0.0008736,0.0009852,0.001084,0.001134,0.00124,0.001342,0.001474,0.00134072666666667,0.001469429999999998
0.444,0.0005864,0.0006751,0.0008093,0.0008714,0.0009825,0.001081,0.001131,0.001237,0.001339,0.00147,0.0013398733333333315,0.0014697133333333389
0.448,0.0005848,0.0006735,0.0008074,0.0008694,0.00098,0.001078,0.001128,0.001233,0.001336,0.001467,0.0013360733333333346,0.0014656499999999995
0.452,0.0005831,0.0006722,0.0008055,0.0008674,0.0009774,0.001075,0.001125,0.00123,0.001332,0.001463,0.0013310500000000022,0.0014592299999999976
0.456,0.0005814,0.0006709,0.0008035,0.0008655,0.0009749,0.001072,0.001122,0.001227,0.001329,0.00146,0.0013292166666666703,0.0014590133333333343
0.46,0.0005798,0.0006693,0.0008017,0.0008636,0.0009727,0.00107,0.001119,0.001224,0.001326,0.001457,0.0013258133333333315,0.0014545733333333286
0.464,0.0005782,0.0006679,0.0008001,0.0008617,0.0009704,0.001067,0.001117,0.001222,0.001323,0.001454,0.001322446666666668,0.0014515500000000018
0.468,0.0005767,0.0006665,0.0007985,0.0008598,0.0009682,0.001065,0.001114,0.001219,0.00132,0.001451,0.0013182133333333285,0.0014465033333333278
0.472,0.0005752,0.0006652,0.000797,0.0008582,0.0009662,0.001063,0.001112,0.001216,0.001318,0.001447,0.0013170699999999985,0.0014448366666666604
0.476,0.0005737,0.0006639,0.0007956,0.0008565,0.0009643,0.00106,0.00111,0.001214,0.001315,0.001444,0.0013131433333333363,0.001439396666666667
0.48,0.0005722,0.0006627,0.0007941,0.0008547,0.0009622,0.001058,0.001107,0.001211,0.001312,0.001441,0.0013090966666666625,0.0014337600000000057
0.484,0.0005708,0.0006613,0.0007926,0.0008531,0.0009601,0.001056,0.001105,0.001209,0.00131,0.001438,0.001308616666666662,0.001435493333333332
0.488,0.0005694,0.0006601,0.0007913,0.0008514,0.0009581,0.001053,0.001102,0.001206,0.001307,0.001436,0.0013067766666666673,0.0014348199999999968
0.492,0.000568,0.0006588,0.0007899,0.0008498,0.0009563,0.001051,0.0011,0.001204,0.001305,0.001433,0.0013032166666666679,0.0014295666666666676
0.496,0.0005666,0.0006578,0.0007886,0.0008485,0.0009543,0.001049,0.001098,0.001201,0.001302,0.00143,0.0013011266666666703,0.001427883333333329
0.5,0.0005652,0.0006566,0.0007873,0.0008471,0.0009525,0.001047,0.001096,0.001199,0.001299,0.001427,0.0012983999999999977,0.0014252800000000032
0.504,0.0005641,0.0006556,0.0007858,0.0008456,0.0009507,0.001045,0.001094,0.001197,0.001297,0.001424,0.0012965766666666629,0.0014230199999999964
0.508,0.0005628,0.0006545,0.0007845,0.0008442,0.0009488,0.001043,0.001092,0.001195,0.001295,0.001422,0.0012944266666666624,0.0014207299999999957
0.512,0.0005616,0.0006533,0.0007833,0.0008428,0.0009469,0.001041,0.00109,0.001192,0.001292,0.001419,0.0012909300000000024,0.0014163866666666656
0.516,0.0005605,0.0006524,0.0007821,0.0008414,0.0009454,0.001039,0.001088,0.00119,0.00129,0.001416,0.00128956333333334,0.0014148899999999948
0.52,0.0005594,0.0006514,0.0007809,0.0008402,0.0009437,0.001037,0.001086,0.001188,0.001288,0.001414,0.0012877300000000052,0.0014126533333333378
0.524,0.0005584,0.0006505,0.0007798,0.0008389,0.0009421,0.001036,0.001084,0.001185,0.001285,0.001411,0.0012851766666666644,0.0014107899999999988
0.528,0.0005574,0.0006497,0.0007787,0.0008378,0.0009405,0.001034,0.001082,0.001183,0.001283,0.001409,0.0012825299999999979,0.001408083333333331
0.532,0.0005564,0.000649,0.0007777,0.0008365,0.0009389,0.001032,0.00108,0.001181,0.00128,0.001406,0.0012803466666666684,0.0014059033333333364
0.536,0.0005554,0.0006482,0.0007767,0.0008353,0.0009372,0.001031,0.001078,0.001179,0.001278,0.001404,0.0012780266666666676,0.0014035333333333358
0.54,0.0005544,0.0006477,0.0007759,0.0008341,0.0009356,0.001029,0.001076,0.001177,0.001276,0.001401,0.0012758600000000004,0.0014010366666666661
0.544,0.0005535,0.0006471,0.0007751,0.0008329,0.000934,0.001027,0.001075,0.001175,0.001273,0.001399,0.0012730833333333379,0.0013985066666666634
0.548,0.0005529,0.0006465,0.0007743,0.0008317,0.0009325,0.001025,0.001073,0.001173,0.001271,0.001397,0.0012704066666666713,0.0013957333333333305
0.552,0.0005523,0.000646,0.0007734,0.0008308,0.000931,0.001024,0.001071,0.001171,0.001269,0.001394,0.0012683300000000028,0.0013933333333333365
0.556,0.0005517,0.0006455,0.0007725,0.0008298,0.0009296,0.001022,0.001069,0.001169,0.001266,0.001392,0.0012652266666666615,0.0013901600000000033
0.56,0.0005512,0.000645,0.0007717,0.0008289,0.0009282,0.001021,0.001067,0.001166,0.001264,0.00139,0.0012633766666666601,0.001388360000000002
0.564,0.0005507,0.0006444,0.0007709,0.0008279,0.0009269,0.001019,0.001065,0.001164,0.001262,0.001388,0.0012611666666666643,0.00138573
0.568,0.0005502,0.000644,0.0007701,0.0008269,0.0009254,0.001017,0.001063,0.001163,0.00126,0.001386,0.0012595033333333303,0.0013849366666666653
0.572,0.0005497,0.0006434,0.0007693,0.0008259,0.0009239,0.001016,0.001061,0.001161,0.001258,0.001384,0.0012580133333333296,0.0013837533333333307
0.576,0.0005493,0.0006428,0.0007684,0.0008248,0.0009221,0.001014,0.001059,0.001159,0.001256,0.001382,0.0012560899999999949,0.0013816833333333293
0.58,0.0005489,0.0006422,0.0007675,0.0008237,0.0009206,0.001012,0.001058,0.001157,0.001254,0.00138,0.001254149999999995,0.0013795466666666624
0.584,0.0005486,0.0006416,0.0007667,0.0008227,0.0009191,0.00101,0.001056,0.001155,0.001252,0.001378,0.0012518833333333276,0.0013773633333333272
0.588,0.0005484,0.0006412,0.000766,0.0008216,0.0009176,0.001008,0.001054,0.001153,0.00125,0.001376,0.0012501866666666623,0.0013756333333333262
0.592,0.0005483,0.0006409,0.0007651,0.0008205,0.0009162,0.001007,0.001052,0.001151,0.001248,0.001374,0.0012482666666666718,0.001373543333333326
0.596,0.0005482,0.0006405,0.0007642,0.0008195,0.0009148,0.001005,0.00105,0.001149,0.001246,0.001372,0.0012459533333333392,0.00137138333333333
0.6,0.0005482,0.0006403,0.0007631,0.0008183,0.0009133,0.001004,0.001048,0.001147,0.001244,0.001369,0.0012436266666666718,0.0013681400000000027
0.604,0.0005481,0.00064,0.000762,0.0008172,0.0009119,0.001002,0.001046,0.001145,0.001242,0.001367,0.0012416766666666704,0.0013665933333333368
0.608,0.0005483,0.0006397,0.000761,0.0008162,0.0009106,0.001,0.001045,0.001143,0.00124,0.001365,0.0012396333333333353,0.001364653333333337
0.612,0.0005484,0.0006394,0.0007601,0.000815,0.000909,0.0009987,0.001043,0.001141,0.001237,0.001363,0.0012370133333333285,0.0013623066666666695
0.616,0.0005486,0.0006391,0.0007592,0.0008138,0.0009074,0.0009972,0.001041,0.001139,0.001235,0.00136,0.0012345599999999946,0.0013589133333333392
0.62,0.0005489,0.0006388,0.0007585,0.0008126,0.0009058,0.0009957,0.001039,0.001137,0.001233,0.001358,0.0012327766666666658,0.0013576566666666727
0.624,0.0005492,0.0006386,0.0007577,0.0008114,0.0009043,0.0009939,0.001037,0.001135,0.00123,0.001355,0.0012300466666666705,0.0013550566666666647
0.628,0.0005495,0.0006385,0.000757,0.0008102,0.0009029,0.000992,0.001036,0.001133,0.001228,0.001353,0.0012281633333333375,0.0013531666666666622
0.632,0.0005501,0.0006383,0.0007562,0.0008094,0.0009017,0.0009901,0.001034,0.001131,0.001226,0.001351,0.0012256333333333354,0.0013499666666666635
0.636,0.0005505,0.0006382,0.0007554,0.0008085,0.0009004,0.0009883,0.001032,0.001129,0.001223,0.001348,0.0012233466666666639,0.0013476066666666682
0.64,0.000551,0.0006382,0.0007548,0.0008078,0.000899,0.0009866,0.00103,0.001127,0.001221,0.001346,0.001220820000000006,0.001344813333333337
0.644,0.0005515,0.0006383,0.000754,0.0008071,0.0008977,0.000985,0.001029,0.001125,0.001219,0.001343,0.0012194600000000042,0.0013434599999999992
0.648,0.0005521,0.0006386,0.0007534,0.0008064,0.0008963,0.0009835,0.001027,0.001122,0.001216,0.001341,0.0012169599999999985,0.0013415799999999963
0.652,0.0005528,0.0006387,0.0007529,0.0008055,0.0008951,0.000982,0.001025,0.00112,0.001214,0.001339,0.0012130199999999965,0.0013360433333333302
0.656,0.0005536,0.0006389,0.0007524,0.0008047,0.0008939,0.0009803,0.001023,0.001118,0.001212,0.001336,0.0012108266666666615,0.0013330266666666689
0.66,0.0005542,0.0006389,0.0007519,0.0008037,0.0008927,0.0009787,0.001021,0.001116,0.00121,0.001334,0.001209616666666661,0.0013313533333333355
0.664,0.000555,0.0006392,0.0007512,0.0008028,0.0008915,0.000977,0.001019,0.001114,0.001208,0.001331,0.0012070033333333268,0.0013283933333333407
0.668,0.0005558,0.0006394,0.0007506,0.000802,0.0008903,0.0009756,0.001018,0.001113,0.001206,0.001329,0.0012060966666666657,0.001328676666666674
0.672,0.0005568,0.0006397,0.0007501,0.0008012,0.0008892,0.0009741,0.001016,0.001111,0.001203,0.001327,0.0012035333333333378,0.0013267266666666727
0.676,0.0005578,0.0006399,0.0007496,0.0008006,0.0008881,0.0009726,0.001014,0.001109,0.001201,0.001325,0.0012018366666666706,0.0013250800000000058
0.68,0.0005589,0.0006403,0.0007491,0.0007998,0.0008869,0.0009709,0.001012,0.001107,0.001199,0.001323,0.0011986033333333372,0.0013213300000000019
0.684,0.0005599,0.0006407,0.0007488,0.0007993,0.0008857,0.0009692,0.00101,0.001105,0.001197,0.00132,0.0011974866666666696,0.001319503333333329
0.688,0.000561,0.000641,0.0007483,0.0007987,0.0008845,0.0009674,0.001008,0.001103,0.001195,0.001318,0.0011953833333333348,0.001317616666666665
0.692,0.0005621,0.0006412,0.0007477,0.000798,0.0008832,0.0009658,0.001007,0.001101,0.001193,0.001316,0.0011934666666666665,0.0013156699999999982
0.696,0.0005632,0.0006416,0.0007471,0.0007973,0.0008819,0.0009642,0.001005,0.001099,0.001191,0.001314,0.0011912733333333317,0.0013130533333333297
0.7,0.0005644,0.0006419,0.0007463,0.0007964,0.0008807,0.0009627,0.001003,0.001097,0.001189,0.001312,0.0011892999999999967,0.0013112899999999945
0.704,0.0005656,0.0006422,0.0007455,0.0007951,0.0008795,0.0009614,0.001001,0.001096,0.001187,0.00131,0.0011877299999999951,0.0013098266666666607
0.708,0.0005666,0.0006428,0.0007449,0.0007942,0.0008782,0.0009599,0.0009997,0.001094,0.001185,0.001308,0.0011853933333333283,0.0013076866666666598
0.712,0.0005678,0.000643,0.0007445,0.0007933,0.000877,0.0009586,0.0009983,0.001092,0.001183,0.001306,0.0011839799999999946,0.00130636666666666
0.716,0.000569,0.0006434,0.0007441,0.0007925,0.0008757,0.000957,0.0009967,0.001091,0.001181,0.001304,0.0011821666666666604,0.001304450000000003
0.72,0.0005702,0.0006439,0.0007437,0.0007917,0.0008745,0.0009554,0.0009951,0.001089,0.001179,0.001302,0.0011800666666666648,0.0013025666666666715
0.724,0.0005714,0.0006442,0.0007432,0.0007912,0.0008734,0.0009538,0.0009936,0.001086,0.001177,0.001299,0.001177653333333332,0.0012993966666666654
0.728,0.0005727,0.0006445,0.0007428,0.0007903,0.0008724,0.000952,0.0009921,0.001085,0.001175,0.001298,0.001175423333333331,0.00129734666666667
0.732,0.000574,0.0006449,0.0007422,0.0007895,0.0008712,0.0009504,0.0009904,0.001083,0.001174,0.001296,0.0011738200000000025,0.0012951833333333378
0.736,0.0005756,0.0006454,0.0007417,0.0007889,0.0008699,0.0009491,0.0009889,0.001082,0.001172,0.001294,0.0011723533333333374,0.0012939200000000033
0.74,0.0005772,0.000646,0.0007411,0.0007882,0.0008685,0.0009478,0.0009873,0.00108,0.001171,0.001293,0.0011708933333333307,0.0012929799999999959
0.744,0.0005789,0.0006468,0.0007406,0.0007875,0.0008671,0.0009467,0.0009859,0.001079,0.001169,0.001292,0.00116951333333333,0.001292003333333335
0.748,0.0005806,0.0006474,0.0007404,0.0007869,0.000866,0.0009455,0.0009846,0.001077,0.001168,0.00129,0.0011682300000000004,0.0012902633333333393
0.752,0.0005824,0.000648,0.0007404,0.0007861,0.0008651,0.0009443,0.0009833,0.001076,0.001167,0.001289,0.001166939999999996,0.0012889466666666674
0.756,0.0005841,0.0006489,0.0007402,0.0007855,0.0008643,0.000943,0.0009821,0.001074,0.001165,0.001288,0.0011651466666666708,0.0012876700000000055
0.76,0.0005859,0.00065,0.00074,0.0007851,0.0008634,0.0009417,0.000981,0.001073,0.001164,0.001286,0.00116418,0.001286106666666671
0.764,0.0005878,0.0006509,0.0007398,0.0007845,0.0008624,0.0009407,0.0009797,0.001072,0.001163,0.001285,0.0011631733333333366,0.001285059999999998
0.768,0.0005899,0.0006518,0.0007395,0.000784,0.0008614,0.0009396,0.0009789,0.001071,0.001162,0.001284,0.0011621366666666666,0.0012839900000000011
0.772,0.0005922,0.0006529,0.0007394,0.0007835,0.0008607,0.0009388,0.000978,0.00107,0.001161,0.001283,0.0011609400000000029,0.0012820666666666647
0.776,0.0005946,0.0006539,0.0007395,0.0007829,0.0008599,0.0009379,0.0009771,0.001069,0.001161,0.001282,0.001160780000000002,0.0012813866666666696
0.78,0.0005969,0.000655,0.0007396,0.0007827,0.0008592,0.0009371,0.0009762,0.001068,0.00116,0.001282,0.0011602166666666643,0.0012818200000000019
0.784,0.0005992,0.0006559,0.0007398,0.0007826,0.0008585,0.0009362,0.0009753,0.001067,0.00116,0.001281,0.0011598899999999976,0.001280796666666663
0.788,0.0006013,0.0006566,0.0007399,0.0007825,0.0008579,0.0009354,0.0009743,0.001066,0.001159,0.00128,0.001159093333333335,0.0012798133333333332
0.792,0.0006034,0.0006575,0.00074,0.0007823,0.0008574,0.0009345,0.0009737,0.001066,0.001159,0.001279,0.0011590133333333355,0.001279256666666661
0.796,0.0006055,0.0006589,0.0007401,0.0007822,0.0008568,0.0009337,0.0009732,0.001065,0.001158,0.001279,0.0011582333333333308,0.0012789366666666599
0.8,0.0006075,0.0006603,0.0007404,0.0007819,0.0008564,0.0009331,0.0009728,0.001065,0.001158,0.001279,0.0011580533333333297,0.0012788699999999938
0.804,0.0006095,0.0006618,0.0007406,0.0007819,0.0008559,0.0009328,0.0009722,0.001065,0.001158,0.001278,0.0011580099999999964,0.0012781300000000004
0.808,0.0006114,0.0006632,0.0007407,0.000782,0.0008556,0.0009324,0.0009718,0.001064,0.001158,0.001278,0.0011579999999999963,0.0012780100000000013
0.812,0.0006133,0.0006643,0.0007409,0.0007823,0.0008556,0.0009323,0.0009714,0.001064,0.001158,0.001278,0.0011580099999999964,0.0012780066666666678
0.816,0.0006151,0.0006654,0.0007409,0.0007824,0.0008554,0.000932,0.0009712,0.001064,0.001158,0.001278,0.0011580799999999967,0.0012780700000000007
0.82,0.0006167,0.0006664,0.0007409,0.0007825,0.0008551,0.0009319,0.0009711,0.001064,0.001158,0.001278,0.0011581399999999967,0.001278123333333334
0.824,0.0006184,0.0006673,0.000741,0.0007823,0.0008548,0.0009317,0.0009712,0.001064,0.001158,0.001278,0.0011579099999999966,0.0012780066666666678
0.828,0.0006202,0.0006683,0.0007413,0.0007821,0.0008544,0.0009317,0.0009712,0.001064,0.001157,0.001278,0.001157403333333333,0.0012780000000000011
0.832,0.000622,0.0006693,0.0007417,0.0007819,0.0008543,0.0009317,0.0009715,0.001064,0.001158,0.001278,0.001157796666666664,0.0012780000000000011
0.836,0.0006242,0.0006701,0.0007423,0.0007821,0.0008546,0.0009318,0.000972,0.001065,0.001158,0.001278,0.0011579766666666635,0.0012780033333333347
0.84,0.0006264,0.0006712,0.0007428,0.0007822,0.0008549,0.0009319,0.0009725,0.001065,0.001159,0.001278,0.0011586666666666668,0.001278040000000001
0.844,0.0006285,0.0006725,0.0007434,0.0007824,0.0008555,0.0009322,0.0009731,0.001066,0.00116,0.001279,0.0011595466666666646,0.0012787999999999949
0.848,0.0006307,0.0006739,0.000744,0.0007828,0.000856,0.0009327,0.0009737,0.001066,0.001161,0.00128,0.0011608666666666687,0.0012800766666666672
0.852,0.000633,0.0006753,0.0007448,0.0007833,0.0008564,0.0009334,0.0009743,0.001067,0.001162,0.001281,0.0011615399999999993,0.0012802766666666632
0.856,0.0006352,0.0006768,0.0007457,0.000784,0.000857,0.0009343,0.0009749,0.001068,0.001163,0.001282,0.001162713333333336,0.0012819600000000015
0.86,0.0006375,0.0006784,0.0007467,0.000785,0.0008576,0.0009352,0.0009757,0.001069,0.001164,0.001283,0.001163756666666666,0.0012823366666666648
0.864,0.0006399,0.00068,0.0007477,0.000786,0.0008583,0.000936,0.0009765,0.00107,0.001166,0.001284,0.001164496333333333,0.001282003333333337
0.868,0.0006425,0.0006816,0.0007488,0.0007871,0.0008593,0.000937,0.0009775,0.001071,0.001167,0.001286,0.001167106666666663,0.0012856133333333367
0.872,0.000645,0.0006834,0.00075,0.0007882,0.0008605,0.0009381,0.0009786,0.001072,0.001168,0.001287,0.0011682233333333348,0.0012872633333333322
0.876,0.0006478,0.0006851,0.0007512,0.0007895,0.0008618,0.0009393,0.00098,0.001074,0.00117,0.001289,0.0011698433333333362,0.0012887666666666663
0.88,0.0006507,0.0006872,0.0007526,0.000791,0.0008632,0.0009407,0.0009813,0.001076,0.001172,0.00129,0.0011716266666666698,0.0012891100000000059
0.884,0.0006537,0.0006892,0.0007542,0.0007925,0.0008644,0.0009421,0.0009828,0.001077,0.001175,0.001292,0.0011735166666666664,0.0012902433333333366
0.888,0.0006569,0.0006912,0.0007559,0.0007941,0.0008658,0.0009434,0.0009844,0.001079,0.001177,0.001294,0.0011747776666666653,0.0012923400000000036
0.892,0.0006604,0.0006932,0.0007576,0.0007956,0.0008672,0.0009448,0.000986,0.001081,0.001179,0.001296,0.0011767043333333327,0.001293403333333338
0.896,0.0006641,0.0006955,0.0007593,0.0007971,0.0008689,0.0009462,0.0009878,0.001083,0.001181,0.001298,0.001179014333333328,0.0012954266666666714
0.9,0.0006678,0.0006979,0.0007611,0.0007986,0.0008709,0.000948,0.0009898,0.001085,0.001183,0.0013,0.0011816966666666616,0.0012984800000000057
0.904,0.0006716,0.0007003,0.0007631,0.0008004,0.0008728,0.00095,0.000992,0.001087,0.001186,0.001302,0.0011842933333333352,0.0013006633333333404
0.908,0.0006755,0.000703,0.0007653,0.0008022,0.0008748,0.0009522,0.0009943,0.001089,0.001188,0.001304,0.0011855620000000026,0.0013014266666666753
0.912,0.0006796,0.0007057,0.0007676,0.0008041,0.0008768,0.0009545,0.0009968,0.001091,0.001191,0.001306,0.0011876686666666657,0.0013021266666666624
0.916,0.0006841,0.0007085,0.0007698,0.0008063,0.0008788,0.000957,0.0009993,0.001094,0.001194,0.001308,0.001189309333333328,0.0013021966666666607
0.92,0.0006886,0.0007115,0.0007722,0.0008087,0.000881,0.0009594,0.001002,0.001097,0.001196,0.00131,0.001192663999999995,0.001305719999999995
0.924,0.0006931,0.0007142,0.0007745,0.000811,0.0008834,0.0009619,0.001005,0.0011,0.001199,0.001313,0.001196310666666667,0.001310560000000002
0.928,0.0006976,0.000717,0.0007769,0.0008136,0.0008857,0.0009645,0.001007,0.001103,0.001202,0.001315,0.0011985066666666655,0.0013102700000000042
0.932,0.0007023,0.0007199,0.0007794,0.0008162,0.0008883,0.000967,0.00101,0.001106,0.001205,0.001318,0.001199533333333338,0.001308153333333333
0.936,0.0007072,0.0007232,0.0007819,0.0008188,0.000891,0.0009697,0.001013,0.001109,0.001209,0.001321,0.0012072033333333336,0.0013183200000000017
0.94,0.0007124,0.0007267,0.0007851,0.0008216,0.0008939,0.0009727,0.001016,0.001112,0.001212,0.001324,0.0012095066666666632,0.001320133333333331
0.944,0.0007176,0.0007305,0.0007884,0.0008245,0.0008969,0.0009757,0.001019,0.001116,0.001216,0.001328,0.0012126066666666641,0.0013219166666666657
0.948,0.0007228,0.000734,0.0007919,0.0008274,0.0009,0.0009789,0.001022,0.001119,0.001219,0.001331,0.0012121100000000032,0.001315960000000006
0.952,0.0007281,0.0007376,0.0007954,0.0008305,0.0009032,0.0009824,0.001025,0.001123,0.001223,0.001334,0.0012241233333333277,0.0013351633333333326
0.956,0.0007335,0.0007412,0.000799,0.0008336,0.0009065,0.000986,0.001029,0.001126,0.001227,0.001337,0.0012268699999999956,0.0013374099999999953
0.96,0.0007389,0.000745,0.0008025,0.000837,0.0009099,0.0009898,0.001033,0.00113,0.001231,0.001341,0.0012299366666666638,0.001340043333333329
0.964,0.0007443,0.000749,0.0008062,0.0008405,0.0009133,0.0009934,0.001036,0.001134,0.001235,0.001344,0.0012344733333333273,0.0013435333333333378
0.968,0.0007498,0.000753,0.0008098,0.0008443,0.0009168,0.0009968,0.001039,0.001137,0.001239,0.001348,0.0012385899999999947,0.001347600000000002
0.972,0.0007556,0.0007571,0.0008136,0.0008481,0.0009205,0.001,0.001043,0.001141,0.001243,0.001351,0.0012425199999999959,0.0013495099999999963
0.976,0.0007616,0.0007615,0.0008174,0.000852,0.0009244,0.001004,0.001047,0.001145,0.001247,0.001355,0.0012461333333333312,0.0013528433333333304
0.98,0.0007676,0.000766,0.0008215,0.0008559,0.0009283,0.001008,0.001051,0.001149,0.001252,0.001359,0.0012504666666666615,0.0013561966666666657
0.984,0.0007736,0.0007706,0.0008255,0.0008598,0.0009322,0.001012,0.001056,0.001154,0.001256,0.001363,0.0012540533333333299,0.0013583500000000019
0.988,0.0007795,0.0007754,0.0008296,0.0008639,0.0009361,0.001016,0.00106,0.001158,0.001261,0.001367,0.0012581966666666705,0.0013610133333333363
0.992,0.0007859,0.0007801,0.0008338,0.0008678,0.0009399,0.00102,0.001064,0.001162,0.001265,0.001371,0.0012604600000000012,0.0013606233333333386
0.996,0.0007922,0.0007849,0.0008383,0.0008716,0.0009442,0.001024,0.001069,0.001166,0.00127,0.001375,0.0012663766666666631,0.0013665700000000031
1.0,0.0007987,0.0007899,0.0008427,0.0008757,0.0009484,0.001028,0.001073,0.00117,0.001274,0.001379,0.0012711633333333313,0.0013726433333333386
1.004,0.000805,0.0007949,0.0008473,0.0008798,0.0009529,0.001032,0.001077,0.001175,0.001278,0.001383,0.0012748033333333335,0.0013748533333333391
1.008,0.0008112,0.0007999,0.0008521,0.0008842,0.0009573,0.001037,0.001082,0.001179,0.001283,0.001386,0.0012799133333333316,0.0013795533333333344
1.012,0.0008174,0.0008048,0.0008568,0.000889,0.0009618,0.001041,0.001086,0.001184,0.001288,0.00139,0.0012849733333333375,0.0013829100000000022
1.016,0.0008243,0.0008098,0.0008616,0.0008937,0.0009662,0.001045,0.001091,0.001189,0.001294,0.001394,0.00129061666666667,0.0013867566666666711
1.02,0.0008312,0.0008147,0.0008663,0.0008984,0.0009708,0.001049,0.001095,0.001193,0.001298,0.001398,0.0012929033333333377,0.0013872933333333377
1.024,0.0008381,0.0008199,0.0008708,0.000903,0.0009754,0.001054,0.0011,0.001198,0.001302,0.001401,0.0012977166666666713,0.0013928366666666654
1.028,0.0008449,0.0008252,0.0008754,0.0009075,0.0009802,0.001058,0.001104,0.001202,0.001306,0.001405,0.0012981566666666617,0.0013905799999999954
1.032,0.0008514,0.0008305,0.0008802,0.0009121,0.0009852,0.001063,0.001109,0.001206,0.00131,0.001409,0.0013046333333333283,0.0013970033333333303
1.036,0.0008578,0.000836,0.0008852,0.0009169,0.0009901,0.001067,0.001113,0.00121,0.001314,0.001412,0.0013059333333333303,0.0013954066666666714
1.04,0.0008645,0.0008415,0.0008904,0.0009218,0.0009946,0.001072,0.001118,0.001214,0.001319,0.001415,0.0013128399999999987,0.0014036100000000017
1.044,0.0008709,0.0008468,0.0008953,0.0009267,0.0009989,0.001077,0.001123,0.001219,0.001324,0.001419,0.0013197633333333293,0.0014112000000000026
1.048,0.0008774,0.0008522,0.0009,0.0009314,0.001003,0.001081,0.001128,0.001223,0.001328,0.001423,0.0013254499999999962,0.0014174533333333372
1.052,0.0008841,0.0008576,0.0009046,0.0009361,0.001007,0.001086,0.001133,0.001228,0.001333,0.001427,0.0013314866666666605,0.001423903333333338
1.056,0.0008907,0.0008631,0.0009093,0.0009408,0.001011,0.00109,0.001139,0.001233,0.001339,0.001432,0.00133695333333333,0.0014274299999999965
1.06,0.0008974,0.0008686,0.0009143,0.0009456,0.001016,0.001095,0.001144,0.001238,0.001344,0.001436,0.0013426700000000028,0.0014335166666666654
1.064,0.0009038,0.000874,0.0009196,0.0009508,0.001021,0.001099,0.001149,0.001243,0.001349,0.001441,0.0013464166666666635,0.0014362600000000052
1.068,0.0009099,0.0008794,0.0009251,0.000956,0.001026,0.001104,0.001154,0.001249,0.001355,0.001446,0.0013501399999999973,0.001437703333333336
1.072,0.0009161,0.0008847,0.0009306,0.0009611,0.00103,0.001109,0.00116,0.001254,0.00136,0.001451,0.0013528733333333376,0.001438379999999997
1.076,0.0009227,0.0008903,0.0009361,0.0009662,0.001036,0.001114,0.001165,0.001259,0.001366,0.001456,0.0013550533333333316,0.0014377533333333368
1.08,0.0009297,0.0008962,0.0009416,0.0009713,0.001041,0.00112,0.00117,0.001265,0.001371,0.001461,0.0013651166666666715,0.0014512433333333304
1.084,0.0009372,0.0009022,0.0009471,0.0009764,0.001046,0.001126,0.001176,0.001271,0.001377,0.001466,0.001372553333333337,0.00145880666666667
1.088,0.0009446,0.0009082,0.0009526,0.0009819,0.001052,0.001131,0.001181,0.001277,0.001384,0.001472,0.0013822866666666647,0.0014689566666666587
1.092,0.0009519,0.000914,0.0009582,0.0009877,0.001057,0.001137,0.001187,0.001283,0.001391,0.001478,0.0013880399999999958,0.0014740699999999944
1.096,0.0009591,0.0009197,0.000964,0.0009938,0.001062,0.001142,0.001193,0.00129,0.001398,0.001485,0.0013958966666666685,0.001482026666666668
1.1,0.0009669,0.0009255,0.00097,0.001,0.001068,0.001148,0.001199,0.001297,0.001405,0.001491,0.001402473333333329,0.0014867433333333384
1.104,0.0009745,0.0009314,0.0009761,0.001006,0.001074,0.001154,0.001206,0.001304,0.001413,0.001498,0.001407159999999998,0.0014889533333333348
1.108,0.0009822,0.0009375,0.0009826,0.001012,0.001081,0.001161,0.001212,0.001311,0.001421,0.001506,0.0014143933333333365,0.0014959933333333363
1.112,0.0009901,0.0009437,0.0009891,0.001019,0.001088,0.001167,0.00122,0.001318,0.001429,0.001514,0.001416186666666673,0.001493216666666668
1.116,0.000998,0.0009503,0.000996,0.001026,0.001095,0.001174,0.001228,0.001326,0.001438,0.001523,0.0014280866666666644,0.0015063433333333321
1.12,0.001006,0.0009572,0.001003,0.001033,0.001102,0.001182,0.001235,0.001335,0.001447,0.001533,0.0014347499999999929,0.0015126000000000024
1.124,0.001015,0.0009643,0.001011,0.00104,0.00111,0.00119,0.001244,0.001344,0.001457,0.001542,0.001448386666666661,0.0015283833333333294
1.128,0.001025,0.0009716,0.001019,0.001049,0.001118,0.001198,0.001252,0.001353,0.001468,0.001553,0.0014592866666666713,0.0015394333333333388
1.132,0.001035,0.0009796,0.001027,0.001058,0.001127,0.001207,0.001262,0.001364,0.001478,0.001563,0.0014668699999999964,0.0015458966666666632
1.136,0.001046,0.0009882,0.001036,0.001067,0.001136,0.001216,0.001271,0.001374,0.001489,0.001574,0.0014762866666666683,0.0015540400000000033
1.14,0.001057,0.0009978,0.001045,0.001077,0.001146,0.001226,0.001282,0.001386,0.001501,0.001586,0.0014856899999999942,0.0015616399999999937
1.144,0.00107,0.001008,0.001055,0.001087,0.001156,0.001237,0.001292,0.001398,0.001514,0.0016,0.0014985566666666688,0.001575723333333328
1.148,0.001083,0.001019,0.001066,0.001098,0.001167,0.001247,0.001303,0.00141,0.001527,0.001613,0.0015140766666666675,0.0015924299999999939
1.152,0.001098,0.001031,0.001078,0.001109,0.001178,0.001259,0.001315,0.001423,0.00154,0.001628,0.0015236166666666659,0.0016033333333333353
1.156,0.001114,0.001044,0.001091,0.001121,0.00119,0.00127,0.001326,0.001436,0.001554,0.001643,0.0015365666666666668,0.0016141566666666692
1.16,0.001131,0.001059,0.001105,0.001134,0.001202,0.001283,0.001339,0.00145,0.001568,0.001658,0.0015554466666666726,0.0016387166666666647
1.164,0.001149,0.001075,0.001118,0.001147,0.001215,0.001295,0.001352,0.001464,0.001583,0.001674,0.001564690000000001,0.001644463333333336
1.168,0.001167,0.001091,0.001131,0.001161,0.001228,0.001309,0.001365,0.001479,0.001598,0.001691,0.0015819966666666618,0.0016643999999999988
1.172,0.001185,0.001108,0.001145,0.001175,0.001242,0.001322,0.001379,0.001494,0.001613,0.001708,0.0015952099999999945,0.0016784766666666617
1.176,0.001203,0.001126,0.00116,0.00119,0.001256,0.001336,0.001393,0.001509,0.001629,0.001724,0.0016113933333333288,0.0016937633333333347
1.18,0.00122,0.001143,0.001175,0.001204,0.001271,0.001351,0.001407,0.001524,0.001645,0.001742,0.0016270000000000024,0.0017117166666666716
1.184,0.001237,0.001161,0.001191,0.00122,0.001285,0.001365,0.001422,0.00154,0.001662,0.00176,0.0016456899999999974,0.0017313199999999978
1.188,0.001253,0.001179,0.001206,0.001234,0.001301,0.001379,0.001437,0.001555,0.001679,0.001778,0.001663183333333327,0.0017470466666666654
1.192,0.001269,0.001196,0.00122,0.001248,0.001316,0.001393,0.001452,0.001571,0.001696,0.001796,0.001681499999999992,0.0017697500000000074
1.196,0.001284,0.001212,0.001235,0.001263,0.001331,0.001408,0.001466,0.001586,0.001712,0.001815,0.001695689999999995,0.0017864933333333391
1.2,0.001298,0.001227,0.00125,0.001278,0.001346,0.001423,0.001481,0.001602,0.001729,0.001834,0.0017144599999999943,0.0018082633333333356
1.204,0.001312,0.001242,0.001265,0.001293,0.001362,0.001438,0.001496,0.001618,0.001746,0.001853,0.0017327033333333405,0.0018306566666666634
1.208,0.001325,0.001258,0.001279,0.001308,0.001377,0.001453,0.00151,0.001635,0.001764,0.001872,0.0017484399999999959,0.0018475499999999955
1.212,0.001337,0.001273,0.001293,0.001322,0.001393,0.001468,0.001525,0.001651,0.001782,0.001891,0.0017645700000000024,0.0018612733333333246
1.216,0.001348,0.001287,0.001307,0.001337,0.001408,0.001482,0.00154,0.001668,0.0018,0.00191,0.0017803966666666753,0.0018784500000000016
1.22,0.00136,0.001301,0.00132,0.001351,0.001423,0.001497,0.001555,0.001684,0.001817,0.001929,0.0018029066666666726,0.0019068233333333325
1.224,0.001371,0.001314,0.001333,0.001365,0.001438,0.001512,0.00157,0.0017,0.001834,0.001948,0.0018237166666666687,0.0019306066666666636
1.228,0.001381,0.001326,0.001346,0.001378,0.001452,0.001526,0.001584,0.001716,0.001851,0.001967,0.0018366066666666663,0.0019431466666666674
1.232,0.00139,0.001338,0.001358,0.001391,0.001466,0.001541,0.001599,0.001733,0.001868,0.001986,0.0018576133333333274,0.001966983333333334
1.236,0.001398,0.00135,0.00137,0.001404,0.00148,0.001555,0.001613,0.00175,0.001886,0.002006,0.001872546666666669,0.0019814899999999994
1.24,0.001406,0.001362,0.001382,0.001416,0.001494,0.001569,0.001627,0.001767,0.001904,0.002025,0.001891393333333339,0.0020025200000000046
1.244,0.001415,0.001372,0.001392,0.001428,0.001508,0.001583,0.001642,0.001784,0.001922,0.002044,0.0019114299999999959,0.0020243266666666693
1.248,0.001424,0.001383,0.001403,0.00144,0.001522,0.001597,0.001657,0.001801,0.00194,0.002064,0.0019290833333333365,0.002042459999999997
1.252,0.001434,0.001393,0.001413,0.001452,0.001536,0.001612,0.001672,0.001818,0.001958,0.002083,0.0019469066666666724,0.00206077666666666
1.256,0.001442,0.001403,0.001424,0.001463,0.001549,0.001626,0.001687,0.001836,0.001977,0.002102,0.001965113333333339,0.00207889666666667
1.26,0.00145,0.001412,0.001434,0.001475,0.001563,0.00164,0.001702,0.001852,0.001995,0.002121,0.00198136666666667,0.002095686666666671
1.264,0.001458,0.001421,0.001444,0.001485,0.001576,0.001654,0.001717,0.001869,0.002014,0.002139,0.001999806666666666,0.0021129933333333354
1.268,0.001465,0.001429,0.001453,0.001496,0.00159,0.001668,0.001732,0.001886,0.002032,0.002158,0.0020171733333333316,0.002130766666666664
1.272,0.001472,0.001438,0.001463,0.001507,0.001604,0.001682,0.001747,0.001902,0.002049,0.002177,0.0020378300000000005,0.0021549866666666626
1.276,0.001479,0.001445,0.001473,0.001517,0.001617,0.001696,0.001762,0.00192,0.002067,0.002197,0.002057440000000003,0.0021791766666666695
1.28,0.001486,0.001453,0.001483,0.001528,0.001631,0.001711,0.001777,0.001937,0.002085,0.002218,0.0020777666666666693,0.0022031966666666747
1.284,0.001493,0.00146,0.001492,0.001539,0.001645,0.001725,0.001793,0.001955,0.002103,0.002239,0.002092836666666667,0.0022157266666666658
1.288,0.0015,0.001467,0.001502,0.001551,0.001659,0.00174,0.001809,0.001972,0.002121,0.00226,0.0021094500000000014,0.002233320000000002
1.292,0.001507,0.001474,0.001512,0.001562,0.001673,0.001754,0.001824,0.00199,0.00214,0.002279,0.002130416666666666,0.0022582566666666673
1.296,0.001514,0.001482,0.001522,0.001574,0.001687,0.001769,0.00184,0.002007,0.002159,0.002298,0.00214839333333334,0.0022754566666666723
1.3,0.001521,0.001489,0.001531,0.001585,0.001701,0.001784,0.001855,0.002024,0.002179,0.002316,0.0021676233333333375,0.002294389999999996
1.304,0.001528,0.001497,0.001541,0.001597,0.001715,0.001799,0.001871,0.002042,0.002198,0.002335,0.0021870833333333347,0.0023136133333333223
1.308,0.001535,0.001505,0.001551,0.001608,0.001729,0.001815,0.001887,0.002061,0.002216,0.002354,0.002208006666666665,0.0023368566666666633
1.312,0.001543,0.001513,0.001561,0.00162,0.001742,0.00183,0.001903,0.00208,0.002234,0.002372,0.002228443333333331,0.002359580000000006
1.316,0.00155,0.001521,0.001572,0.001632,0.001757,0.001845,0.001919,0.002099,0.002252,0.002391,0.0022458866666666658,0.002375433333333336
1.32,0.001558,0.001529,0.001584,0.001645,0.001771,0.00186,0.001934,0.002118,0.00227,0.002409,0.0022626333333333306,0.002391609999999996
1.324,0.001566,0.001537,0.001596,0.001657,0.001786,0.001875,0.00195,0.002136,0.002287,0.002428,0.002285613333333336,0.0024163299999999934
1.328,0.001575,0.001545,0.001607,0.00167,0.001801,0.00189,0.001967,0.002154,0.002305,0.002447,0.002301573333333335,0.0024369033333333247
1.332,0.001584,0.001554,0.001619,0.001682,0.001816,0.001907,0.001985,0.002171,0.002324,0.002466,0.0023187133333333293,0.0024529866666666623
1.336,0.001594,0.001563,0.001631,0.001695,0.001832,0.001924,0.002002,0.002189,0.002343,0.002485,0.002334839999999993,0.002465339999999993
1.34,0.001604,0.001572,0.001644,0.001708,0.001848,0.001941,0.00202,0.002207,0.002362,0.002504,0.002355466666666655,0.002486419999999993
1.344,0.001614,0.001582,0.001656,0.001721,0.001864,0.001959,0.002038,0.002225,0.002381,0.002523,0.0023708166666666615,0.0025022466666666777
1.348,0.001624,0.001592,0.001669,0.001734,0.001881,0.001976,0.002055,0.002243,0.0024,0.002541,0.0023927499999999956,0.0025242233333333426
1.352,0.001636,0.001603,0.001682,0.001748,0.001899,0.001992,0.002072,0.002261,0.002419,0.00256,0.002407723333333325,0.0025399766666666735
1.356,0.001647,0.001614,0.001695,0.001762,0.001915,0.00201,0.002089,0.00228,0.002438,0.002578,0.0024273066666666756,0.002554426666666664
1.36,0.001659,0.001625,0.001709,0.001777,0.00193,0.002027,0.002107,0.002298,0.002457,0.002596,0.0024483133333333402,0.0025814000000000054
1.364,0.001672,0.001637,0.001723,0.001792,0.001946,0.002044,0.002124,0.002317,0.002476,0.002614,0.002465773333333339,0.00259441666666667
1.368,0.001685,0.00165,0.001737,0.001807,0.001962,0.002062,0.002142,0.002336,0.002496,0.002633,0.0024881633333333447,0.0026183733333333317
1.372,0.001699,0.001663,0.001751,0.001824,0.001978,0.00208,0.002159,0.002355,0.002515,0.002652,0.00250515000000001,0.0026368799999999925
1.376,0.001715,0.001676,0.001767,0.00184,0.001995,0.002097,0.002177,0.002373,0.002534,0.002671,0.0025212133333333414,0.002650706666666656
1.38,0.001731,0.001692,0.001783,0.001857,0.002013,0.002115,0.002195,0.002393,0.002553,0.00269,0.002547486666666681,0.0026772699999999955
1.384,0.001749,0.001708,0.001799,0.001874,0.00203,0.002132,0.002214,0.002412,0.002572,0.002709,0.002559466666666678,0.002687329999999992
1.388,0.001766,0.001725,0.001817,0.001891,0.002048,0.00215,0.002233,0.002431,0.002591,0.002728,0.0025805466666666745,0.002709313333333323
1.392,0.001783,0.001743,0.001834,0.001908,0.002066,0.002169,0.002252,0.002451,0.002611,0.002748,0.002596920000000004,0.0027221333333333196
1.396,0.001799,0.001759,0.001851,0.001926,0.002084,0.002189,0.002272,0.002471,0.002631,0.002767,0.0026195966666666777,0.0027459499999999905
1.4,0.001816,0.001776,0.001868,0.001944,0.002103,0.002208,0.002291,0.00249,0.00265,0.002787,0.002633800000000009,0.0027586799999999925
1.404,0.001833,0.001794,0.001886,0.001962,0.002122,0.002227,0.002311,0.00251,0.00267,0.002807,0.0026455533333333264,0.0027641666666666665
1.408,0.001852,0.001812,0.001904,0.001982,0.002141,0.002247,0.00233,0.00253,0.002689,0.002827,0.002685123333333344,0.0028159666666666785
1.412,0.001871,0.00183,0.001924,0.002001,0.002161,0.002267,0.00235,0.002551,0.002709,0.002847,0.0027037533333333307,0.0028350533333333454
1.416,0.001891,0.001849,0.001943,0.00202,0.002181,0.002287,0.00237,0.002571,0.00273,0.002866,0.00271976666666667,0.002848823333333344
1.42,0.001911,0.001869,0.001963,0.002039,0.002201,0.002308,0.00239,0.002592,0.002751,0.002886,0.0027338999999999875,0.0028574000000000177
1.424,0.001932,0.001889,0.001983,0.002059,0.002222,0.002329,0.00241,0.002612,0.002771,0.002906,0.0027603399999999918,0.0028882899999999965
1.428,0.001954,0.00191,0.002003,0.002079,0.002243,0.00235,0.00243,0.002633,0.002791,0.002926,0.0027871633333333267,0.0029175133333333276
1.432,0.001975,0.001931,0.002024,0.002101,0.002264,0.002371,0.00245,0.002654,0.002811,0.002946,0.002807993333333337,0.002939246666666668
1.436,0.001996,0.001953,0.002046,0.002122,0.002286,0.002393,0.00247,0.002675,0.002831,0.002966,0.002825463333333347,0.0029572700000000084
1.44,0.002017,0.001975,0.002068,0.002144,0.002307,0.002415,0.002492,0.002695,0.002851,0.002987,0.002844380000000013,0.0029743166666666584
1.444,0.00204,0.001997,0.002091,0.002167,0.002328,0.002436,0.002513,0.002716,0.002872,0.003007,0.0028632033333333296,0.002992569999999989
1.448,0.002063,0.002019,0.002114,0.00219,0.00235,0.002458,0.002534,0.002738,0.002894,0.003026,0.0028825066666666546,0.0030070033333333183
1.452,0.002088,0.002043,0.002138,0.002213,0.002373,0.00248,0.002556,0.002759,0.002915,0.003046,0.002902179999999997,0.0030239466666666594
1.456,0.002114,0.002067,0.002161,0.002237,0.002395,0.002503,0.002577,0.002781,0.002936,0.003066,0.0029235666666666766,0.0030443166666666737
1.46,0.002139,0.002092,0.002186,0.002261,0.002418,0.002525,0.0026,0.002803,0.002957,0.003086,0.0029441466666666636,0.003065810000000009
1.464,0.002165,0.002118,0.002211,0.002285,0.002441,0.002548,0.002622,0.002825,0.002978,0.003106,0.0029695500000000044,0.0030936700000000167
1.468,0.002191,0.002143,0.002237,0.00231,0.002465,0.002571,0.002645,0.002847,0.002999,0.003127,0.0029924999999999895,0.0031149800000000007
1.472,0.002218,0.00217,0.002263,0.002335,0.002489,0.002594,0.002668,0.002869,0.003021,0.003148,0.0030154333333333445,0.003137536666666676
1.476,0.002244,0.002196,0.002289,0.00236,0.002514,0.002617,0.002691,0.002891,0.003042,0.003168,0.0030334399999999984,0.0031524299999999886
1.48,0.002271,0.002223,0.002315,0.002385,0.002538,0.00264,0.002714,0.002913,0.003063,0.003189,0.0030547766666666728,0.0031744466666666625
1.484,0.002299,0.002251,0.002341,0.002411,0.002562,0.002664,0.002736,0.002936,0.003084,0.003209,0.0030740233333333283,0.003190120000000007
1.488,0.002327,0.002279,0.002368,0.002437,0.002587,0.002688,0.002759,0.002958,0.003105,0.003229,0.0030952433333333415,0.0032077066666666753
1.492,0.002355,0.002307,0.002394,0.002464,0.002612,0.002711,0.002782,0.002981,0.003126,0.003249,0.00311935333333333,0.0032301633333333165
1.496,0.002383,0.002336,0.00242,0.00249,0.002637,0.002735,0.002804,0.003004,0.003148,0.003269,0.003138943333333342,0.0032522733333333192
1.5,0.002411,0.002365,0.002446,0.002518,0.002662,0.002758,0.002827,0.003027,0.00317,0.003289,0.003156676666666674,0.003267756666666655
