Voltage,1,5,10,20,30,40,60,80,100,80_pred,100_pred
-0.996,0.0005774,0.0006332,0.0006827,0.0007289,0.0007695,0.0008109,0.0009057,0.000991,0.001036,0.0009885410000000005,0.001031473666666667
-0.992,0.0005682,0.0006214,0.0006696,0.0007148,0.0007572,0.0007931,0.0008926,0.0009789,0.001025,0.0009764373333333369,0.0010203889999999987
-0.988,0.0005576,0.0006105,0.0006557,0.0007031,0.0007451,0.0007842,0.0008806,0.000967,0.001014,0.0009647313333333317,0.001008849333333331
-0.984,0.0005483,0.0005995,0.0006473,0.0006919,0.0007336,0.0007739,0.0008662,0.000956,0.001004,0.0009499960000000037,0.0009941856666666705
-0.98,0.0005391,0.0005934,0.0006383,0.0006816,0.0007238,0.0007657,0.0008592,0.0009462,0.0009953,0.0009435703333333349,0.0009903419999999995
-0.976,0.0005339,0.0005833,0.0006289,0.0006721,0.0007143,0.0007557,0.0008492,0.0009365,0.0009866,0.0009324090000000035,0.0009795446666666686
-0.972,0.0005263,0.0005757,0.0006193,0.0006634,0.0007057,0.0007442,0.0008407,0.0009281,0.0009785,0.0009238779999999967,0.0009711939999999967
-0.968,0.00052,0.0005679,0.0006099,0.0006545,0.0006966,0.0007347,0.0008311,0.00092,0.0009715,0.0009147516666666674,0.0009626169999999973
-0.964,0.000514,0.0005623,0.0006037,0.0006481,0.0006893,0.0007283,0.000824,0.0009119,0.000965,0.0009085886666666658,0.0009574776666666638
-0.96,0.0005089,0.0005558,0.0005975,0.0006402,0.0006829,0.0007204,0.0008143,0.0009063,0.0009588,0.0009002323333333334,0.000947348666666668
-0.956,0.0005025,0.0005497,0.0005913,0.0006336,0.0006755,0.000712,0.000806,0.0009,0.0009535,0.0008964983333333366,0.0009469506666666648
-0.952,0.0004982,0.0005435,0.000585,0.0006276,0.0006697,0.0007094,0.0008027,0.0008934,0.000948,0.0008949349999999973,0.0009465210000000011
-0.948,0.0004932,0.0005387,0.000578,0.0006218,0.0006609,0.0007068,0.0007971,0.0008887,0.0009433,0.0008883529999999998,0.000940071666666667
-0.944,0.0004885,0.0005357,0.000573,0.0006168,0.0006578,0.0006958,0.0007948,0.0008836,0.0009391,0.0008855286666666682,0.0009371006666666676
-0.94,0.0004842,0.0005311,0.0005694,0.0006119,0.0006546,0.0006938,0.0007833,0.000879,0.0009349,0.0008780133333333323,0.0009313883333333308
-0.936,0.0004796,0.0005254,0.0005641,0.0006073,0.000649,0.0006901,0.0007851,0.0008749,0.0009315,0.0008773486666666702,0.000930079999999999
-0.932,0.0004754,0.0005221,0.0005602,0.000603,0.0006467,0.0006828,0.0007799,0.0008716,0.0009287,0.0008739273333333332,0.0009293316666666677
-0.928,0.0004713,0.0005163,0.0005532,0.0005992,0.0006416,0.0006805,0.0007753,0.0008687,0.0009257,0.0008700260000000002,0.0009265443333333324
-0.924,0.0004677,0.0005141,0.0005547,0.0005954,0.0006373,0.0006753,0.0007731,0.0008655,0.0009228,0.0008666176666666649,0.0009242426666666668
-0.92,0.0004639,0.0005108,0.0005501,0.0005929,0.0006347,0.0006748,0.0007695,0.0008627,0.0009206,0.000864031999999997,0.0009214999999999975
-0.916,0.0004596,0.0005087,0.0005459,0.0005894,0.000632,0.0006729,0.0007669,0.0008597,0.0009182,0.0008614736666666639,0.0009197176666666662
-0.912,0.0004567,0.0005053,0.0005438,0.0005865,0.0006287,0.0006696,0.000762,0.0008581,0.0009163,0.0008585266666666652,0.0009167556666666678
-0.908,0.0004524,0.0005025,0.0005403,0.0005842,0.0006264,0.0006672,0.0007661,0.0008568,0.0009144,0.0008583006666666635,0.0009160223333333346
-0.904,0.0004491,0.0005019,0.0005388,0.0005818,0.0006239,0.0006647,0.0007609,0.0008551,0.000913,0.000856073999999998,0.0009140133333333318
-0.9,0.0004462,0.000497,0.000535,0.0005796,0.0006249,0.0006638,0.0007591,0.0008532,0.0009118,0.0008541513333333319,0.0009126296666666654
-0.896,0.0004422,0.0004958,0.000535,0.0005779,0.000621,0.0006615,0.000755,0.0008521,0.0009108,0.0008519063333333305,0.000910736666666664
-0.892,0.0004385,0.0004936,0.0005325,0.000576,0.0006189,0.0006591,0.0007543,0.0008509,0.0009102,0.0008506099999999969,0.0009099816666666681
-0.888,0.0004357,0.000492,0.000531,0.0005754,0.0006182,0.000659,0.0007544,0.0008496,0.0009095,0.000849967000000001,0.0009096006666666682
-0.884,0.0004323,0.0004914,0.0005298,0.0005743,0.0006174,0.0006593,0.000754,0.0008502,0.0009092,0.0008486053333333317,0.0009072033333333327
-0.88,0.000429,0.0004897,0.0005285,0.000573,0.0006172,0.0006573,0.0007569,0.0008494,0.000909,0.0008507163333333329,0.0009099556666666637
-0.876,0.0004257,0.0004885,0.0005279,0.0005722,0.0006158,0.0006565,0.0007543,0.0008495,0.0009089,0.0008496623333333342,0.0009089773333333301
-0.872,0.0004229,0.0004871,0.0005269,0.0005716,0.000615,0.000656,0.0007519,0.0008495,0.0009086,0.0008399286666666671,0.000895467666666667
-0.868,0.0004199,0.0004858,0.0005263,0.0005712,0.000615,0.0006557,0.0007539,0.0008499,0.0009088,0.0008461569999999959,0.0009035836666666637
-0.864,0.0004177,0.0004858,0.0005267,0.0005712,0.0006155,0.0006548,0.0007546,0.0008509,0.0009097,0.0008498116666666628,0.0009096563333333363
-0.86,0.0004146,0.000485,0.0005262,0.0005707,0.0006151,0.0006568,0.000755,0.0008519,0.0009105,0.0008518016666666635,0.0009104436666666669
-0.856,0.0004125,0.0004848,0.000526,0.0005712,0.0006152,0.0006564,0.0007552,0.0008524,0.0009109,0.0008472943333333331,0.000904625999999999
-0.852,0.0004102,0.0004826,0.0005259,0.0005713,0.0006159,0.0006553,0.0007564,0.0008528,0.0009116,0.0008377169999999967,0.0008931363333333364
-0.848,0.0004086,0.0004825,0.0005265,0.0005717,0.0006163,0.0006594,0.0007583,0.0008536,0.0009125,0.0008540196666666707,0.0009127660000000014
-0.844,0.0004062,0.0004842,0.0005261,0.0005719,0.0006166,0.0006591,0.0007577,0.0008554,0.000914,0.0008550826666666702,0.0009136343333333339
-0.84,0.0004043,0.0004841,0.0005264,0.0005724,0.0006173,0.0006576,0.0007587,0.0008565,0.0009145,0.0008563720000000041,0.0009144883333333361
-0.836,0.0004031,0.0004844,0.0005273,0.0005738,0.0006182,0.0006602,0.0007589,0.0008575,0.0009156,0.0008570660000000032,0.000915262999999998
-0.832,0.0004021,0.0004848,0.0005277,0.0005744,0.000619,0.0006617,0.0007604,0.0008586,0.0009168,0.0008581043333333306,0.0009162903333333305
-0.828,0.0004003,0.0004852,0.0005286,0.0005748,0.0006203,0.0006633,0.0007629,0.0008602,0.0009182,0.0008602970000000013,0.0009181676666666673
-0.824,0.0003991,0.000486,0.0005296,0.0005758,0.0006213,0.0006643,0.0007639,0.000862,0.0009192,0.000861876666666667,0.0009192276666666701
-0.82,0.000398,0.0004861,0.0005304,0.0005777,0.000623,0.0006649,0.0007652,0.0008637,0.000921,0.0008633266666666647,0.0009205816666666696
-0.816,0.0003973,0.0004866,0.0005314,0.0005782,0.0006238,0.0006672,0.000767,0.0008654,0.0009223,0.0008652036666666636,0.000922113333333329
-0.812,0.0003963,0.000487,0.000532,0.0005788,0.0006239,0.0006648,0.0007667,0.0008669,0.0009233,0.0008663023333333344,0.0009228733333333317
-0.808,0.000396,0.0004875,0.0005326,0.0005805,0.0006259,0.0006705,0.0007698,0.0008686,0.0009251,0.0008682176666666658,0.0009249266666666702
-0.804,0.0003954,0.0004889,0.0005339,0.0005813,0.000628,0.0006722,0.0007716,0.0008711,0.0009267,0.0008705600000000045,0.0009263686666666682
-0.8,0.0003952,0.0004896,0.0005352,0.0005828,0.0006283,0.0006731,0.0007735,0.0008728,0.0009282,0.0008722486666666708,0.0009277726666666641
-0.796,0.0003957,0.0004908,0.0005365,0.0005843,0.0006303,0.0006744,0.0007754,0.0008748,0.0009301,0.0008736733333333365,0.0009292833333333306
-0.792,0.0003961,0.0004915,0.0005375,0.0005857,0.0006319,0.0006766,0.0007767,0.000877,0.0009318,0.0008756076666666652,0.0009307100000000005
-0.788,0.0003956,0.0004924,0.0005389,0.0005871,0.0006336,0.0006782,0.0007788,0.0008792,0.000934,0.0008781566666666655,0.000933051666666664
-0.784,0.0003958,0.0004935,0.0005403,0.0005886,0.0006355,0.0006798,0.000781,0.0008815,0.0009359,0.0008800776666666671,0.0009347056666666629
-0.78,0.0003965,0.0004948,0.0005421,0.00059,0.0006368,0.0006822,0.0007831,0.0008843,0.000938,0.0008821383333333351,0.0009363336666666629
-0.776,0.0003968,0.000496,0.0005434,0.0005919,0.0006388,0.0006837,0.0007853,0.0008864,0.00094,0.0008842643333333368,0.0009378086666666648
-0.772,0.0003981,0.0004975,0.000545,0.0005939,0.0006409,0.0006867,0.0007881,0.0008898,0.0009422,0.0008891363333333319,0.0009402500000000015
-0.768,0.000399,0.0004989,0.0005471,0.0005956,0.000643,0.0006889,0.0007904,0.0008924,0.0009448,0.0008915216666666642,0.0009433450000000003
-0.764,0.0004001,0.0004999,0.0005485,0.0005974,0.0006445,0.0006904,0.0007923,0.000895,0.0009467,0.0008941416666666674,0.0009455236666666668
-0.76,0.0004014,0.000502,0.0005507,0.0005995,0.0006472,0.0006936,0.0007942,0.0008982,0.0009499,0.0008972363333333315,0.0009476166666666684
-0.756,0.0004028,0.0005035,0.0005523,0.0006032,0.0006494,0.0006955,0.0007982,0.0009008,0.0009526,0.0008999743333333332,0.0009499483333333345
-0.752,0.0004044,0.0005053,0.0005544,0.0006028,0.0006516,0.0006974,0.0008009,0.000904,0.0009553,0.0009032636666666643,0.0009534829999999979
-0.748,0.0004051,0.0005077,0.0005566,0.0006067,0.0006542,0.0007003,0.0008036,0.000907,0.0009581,0.0009060759999999975,0.0009559096666666645
-0.744,0.000407,0.0005088,0.0005586,0.0006088,0.0006561,0.0007031,0.0008064,0.0009101,0.0009608,0.0009076236666666668,0.0009571486666666681
-0.74,0.0004091,0.0005108,0.0005605,0.0006101,0.0006584,0.000706,0.0008092,0.0009129,0.0009637,0.0009119743333333307,0.0009618173333333376
-0.736,0.0004106,0.0005126,0.000563,0.0006135,0.0006608,0.0007072,0.0008129,0.0009159,0.0009666,0.0009152803333333329,0.0009658723333333345
-0.732,0.0004139,0.0005145,0.0005653,0.0006152,0.0006635,0.0007107,0.0008141,0.0009194,0.0009696,0.0009187269999999971,0.0009687236666666641
-0.728,0.000416,0.0005167,0.0005678,0.0006173,0.0006663,0.0007155,0.0008173,0.0009229,0.000973,0.0009224713333333346,0.0009724153333333335
-0.724,0.0004182,0.0005187,0.0005703,0.0006208,0.0006692,0.0007182,0.000823,0.0009264,0.0009765,0.0009271156666666641,0.0009772419999999975
-0.72,0.0004204,0.000521,0.0005726,0.0006226,0.000672,0.0007212,0.0008251,0.0009299,0.0009799,0.0009300760000000017,0.000980263
-0.716,0.0004228,0.0005231,0.0005752,0.0006255,0.0006748,0.0007237,0.0008273,0.0009337,0.0009834,0.0009324880000000012,0.0009824443333333345
-0.712,0.0004247,0.0005252,0.0005776,0.0006284,0.0006779,0.0007266,0.0008315,0.0009373,0.0009868,0.0009343863333333327,0.000983770333333337
-0.708,0.0004275,0.0005279,0.0005801,0.0006317,0.0006807,0.0007299,0.0008358,0.0009409,0.0009909,0.0009369346666666659,0.0009860556666666655
-0.704,0.0004301,0.0005303,0.0005831,0.0006337,0.0006842,0.0007333,0.0008391,0.000945,0.0009947,0.0009424169999999993,0.0009918746666666646
-0.7,0.0004322,0.0005326,0.0005862,0.0006371,0.0006871,0.0007369,0.0008428,0.0009488,0.0009986,0.0009477473333333349,0.0009973313333333312
-0.696,0.0004351,0.000535,0.0005892,0.0006406,0.0006904,0.0007408,0.0008467,0.0009532,0.001003,0.000952389333333329,0.0010022973333333315
-0.692,0.0004376,0.0005384,0.0005923,0.0006439,0.0006939,0.0007442,0.0008506,0.0009572,0.001007,0.0009554163333333306,0.0010052543333333333
-0.688,0.0004404,0.0005411,0.0005955,0.000647,0.0006978,0.0007483,0.0008551,0.0009616,0.001012,0.0009603896666666693,0.0010102793333333373
-0.684,0.0004426,0.0005437,0.0005987,0.0006504,0.0007014,0.0007519,0.0008591,0.0009665,0.001016,0.0009639453333333335,0.0010135443333333346
-0.68,0.0004453,0.000547,0.0006017,0.0006544,0.0007055,0.0007559,0.0008631,0.0009708,0.00102,0.0009694479999999967,0.0010193043333333338
-0.676,0.0004478,0.0005495,0.0006054,0.000658,0.0007095,0.0007607,0.0008681,0.0009755,0.001026,0.0009740999999999985,0.0010249556666666688
-0.672,0.0004507,0.0005523,0.0006091,0.0006623,0.0007137,0.000765,0.000873,0.0009803,0.00103,0.0009778726666666631,0.0010281373333333316
-0.668,0.0004533,0.0005564,0.0006128,0.0006663,0.0007178,0.0007694,0.000877,0.0009852,0.001036,0.0009827016666666669,0.0010333106666666652
-0.664,0.0004561,0.0005599,0.0006172,0.0006705,0.0007228,0.0007743,0.0008824,0.0009904,0.001041,0.0009868820000000012,0.0010378293333333313
-0.66,0.0004593,0.0005635,0.0006219,0.0006767,0.0007281,0.0007801,0.0008867,0.000996,0.001046,0.0009923323333333321,0.001042591999999997
-0.656,0.0004622,0.0005675,0.0006265,0.0006807,0.0007332,0.0007853,0.000893,0.001002,0.001052,0.0009969880000000012,0.0010474529999999983
-0.652,0.0004653,0.0005721,0.0006314,0.0006862,0.0007387,0.0007909,0.0008989,0.001008,0.001058,0.0010014170000000027,0.0010515440000000013
-0.648,0.0004689,0.000577,0.000637,0.0006921,0.0007447,0.0007968,0.0009048,0.001014,0.001064,0.001010060333333332,0.0010599230000000028
-0.644,0.0004728,0.0005822,0.0006428,0.0006979,0.0007511,0.0008032,0.0009113,0.00102,0.00107,0.0010172409999999992,0.0010670273333333328
-0.64,0.0004764,0.0005875,0.0006486,0.0007043,0.0007576,0.0008097,0.0009173,0.001028,0.001076,0.0010209556666666644,0.0010699223333333339
-0.636,0.0004807,0.0005933,0.0006552,0.0007111,0.0007645,0.0008167,0.0009243,0.001032,0.001083,0.0010256746666666655,0.001076182
-0.632,0.0004854,0.0005995,0.0006623,0.0007184,0.0007719,0.000824,0.0009314,0.00104,0.00109,0.0010299496666666685,0.001078865333333332
-0.628,0.0004897,0.0006063,0.0006697,0.000726,0.0007795,0.0008316,0.0009391,0.001047,0.001096,0.0010339920000000018,0.0010812280000000016
-0.624,0.0004952,0.0006131,0.0006773,0.0007341,0.0007876,0.0008394,0.0009461,0.001053,0.001104,0.0010423716666666698,0.0010902899999999957
-0.62,0.0005004,0.0006205,0.000685,0.000742,0.0007957,0.0008475,0.0009531,0.001061,0.001111,0.0010485053333333335,0.0010962899999999965
-0.616,0.000506,0.0006279,0.0006931,0.0007508,0.0008044,0.0008559,0.0009615,0.001069,0.001118,0.0010578669999999955,0.001104716666666669
-0.612,0.0005124,0.0006355,0.0007017,0.0007591,0.0008121,0.0008642,0.0009692,0.001076,0.001125,0.0010673053333333333,0.001114003333333328
-0.608,0.0005183,0.0006428,0.0007097,0.0007667,0.0008201,0.0008719,0.0009762,0.001083,0.001132,0.0010760666666666668,0.0011234600000000017
-0.604,0.0005242,0.0006503,0.0007176,0.0007745,0.0008283,0.0008798,0.0009838,0.00109,0.001139,0.0010822933333333312,0.0011294900000000012
-0.6,0.0005301,0.0006574,0.0007251,0.0007822,0.0008355,0.0008869,0.0009908,0.001097,0.001145,0.0010888566666666668,0.001136083333333336
-0.596,0.0005357,0.0006642,0.0007322,0.0007894,0.0008429,0.0008933,0.0009975,0.001103,0.00115,0.0010967900000000026,0.0011430633333333333
-0.592,0.0005407,0.0006702,0.0007387,0.000796,0.0008489,0.0009,0.001004,0.001109,0.001155,0.0011031066666666706,0.0011486800000000007
-0.588,0.0005454,0.0006755,0.0007443,0.0008017,0.0008549,0.0009055,0.001008,0.001115,0.00116,0.0011091866666666642,0.0011539699999999968
-0.584,0.0005489,0.0006796,0.000749,0.0008065,0.0008595,0.0009103,0.001014,0.001121,0.001164,0.001115589999999999,0.001159286666666665
-0.58,0.0005519,0.0006831,0.0007533,0.0008108,0.0008637,0.0009149,0.001019,0.001126,0.001168,0.0011201999999999998,0.0011628133333333338
-0.576,0.000554,0.0006857,0.0007559,0.0008142,0.0008668,0.0009184,0.001024,0.001131,0.001171,0.0011283399999999976,0.0011687066666666648
-0.572,0.0005552,0.0006873,0.0007589,0.0008167,0.0008697,0.0009214,0.001028,0.001136,0.001174,0.0011324833333333365,0.0011717166666666693
-0.568,0.0005554,0.0006883,0.0007601,0.0008184,0.0008717,0.0009243,0.001032,0.00114,0.001177,0.001138316666666665,0.0011756266666666665
-0.564,0.0005551,0.0006884,0.0007614,0.00082,0.0008735,0.0009266,0.001036,0.001145,0.00118,0.0011435333333333362,0.0011790533333333334
-0.56,0.000554,0.0006875,0.0007614,0.0008208,0.0008749,0.0009285,0.001039,0.001149,0.001182,0.001147440000000004,0.0011813433333333339
-0.556,0.0005526,0.0006864,0.0007612,0.0008214,0.0008756,0.0009294,0.001042,0.001152,0.001185,0.0011510499999999953,0.0011841066666666632
-0.552,0.0005503,0.0006839,0.0007599,0.0008203,0.0008748,0.0009302,0.001044,0.001155,0.001187,0.001153566666666666,0.0011855766666666627
-0.548,0.0005479,0.0006813,0.0007582,0.0008191,0.000874,0.0009301,0.001045,0.001158,0.001189,0.0011545799999999973,0.00118636333333333
-0.544,0.0005448,0.0006779,0.0007551,0.0008164,0.0008727,0.000929,0.001046,0.00116,0.001191,0.0011555066666666632,0.0011869599999999978
-0.54,0.0005414,0.0006739,0.0007516,0.0008141,0.0008703,0.0009275,0.001047,0.001162,0.001193,0.0011561033333333307,0.0011876333333333323
-0.536,0.0005379,0.0006691,0.0007471,0.0008102,0.0008675,0.0009257,0.001046,0.001163,0.001195,0.0011603333333333361,0.0011924733333333333
-0.532,0.0005339,0.0006641,0.0007422,0.0008058,0.0008644,0.0009234,0.001046,0.001164,0.001196,0.0011613366666666672,0.0011936799999999964
-0.528,0.0005296,0.0006588,0.0007368,0.0008017,0.0008603,0.0009209,0.001045,0.001165,0.001199,0.0011624133333333377,0.001195750000000001
-0.524,0.000525,0.0006535,0.0007312,0.000796,0.0008563,0.000918,0.001044,0.001166,0.0012,0.0011631133333333346,0.0011971333333333314
-0.52,0.00052,0.0006475,0.0007256,0.0007911,0.000852,0.0009143,0.001042,0.001166,0.001202,0.001163366666666667,0.0011997233333333323
-0.516,0.0005149,0.0006418,0.0007195,0.0007862,0.000848,0.000911,0.001042,0.001166,0.001205,0.0011645333333333329,0.001204180000000004
-0.512,0.0005095,0.0006362,0.0007138,0.0007807,0.0008438,0.0009079,0.00104,0.001167,0.001207,0.0011642266666666624,0.001204826666666673
-0.508,0.0005035,0.0006309,0.0007077,0.0007751,0.0008395,0.0009045,0.001038,0.001167,0.001209,0.0011663733333333271,0.0012093433333333352
-0.504,0.0004979,0.0006255,0.0007025,0.0007705,0.0008353,0.0009014,0.001037,0.001167,0.001211,0.0011663333333333285,0.0012106133333333355
-0.5,0.0004923,0.0006198,0.0006968,0.0007657,0.0008318,0.0008985,0.001036,0.001168,0.001213,0.0011679133333333338,0.0012135700000000024
-0.496,0.0004865,0.0006149,0.0006917,0.0007614,0.0008284,0.0008957,0.001035,0.001168,0.001216,0.001167537666666667,0.00121589
-0.492,0.0004812,0.0006101,0.000687,0.0007568,0.0008254,0.0008934,0.001033,0.001169,0.001219,0.0011682876666666631,0.0012189366666666708
-0.488,0.0004757,0.0006057,0.0006824,0.0007531,0.0008221,0.0008914,0.001033,0.001169,0.001222,0.001169663333333329,0.0012228500000000006
-0.484,0.000471,0.0006016,0.0006782,0.0007496,0.00082,0.0008897,0.001033,0.001171,0.001225,0.001171186666666665,0.0012257099999999973
-0.48,0.0004666,0.0005978,0.0006746,0.0007469,0.0008177,0.0008887,0.001033,0.001172,0.001228,0.0011724333333333376,0.0012287433333333377
-0.476,0.0004623,0.0005946,0.0006714,0.0007444,0.0008161,0.0008875,0.001033,0.001174,0.001232,0.0011744366666666716,0.0012331966666666687
-0.472,0.0004589,0.0005917,0.0006688,0.0007422,0.0008152,0.0008871,0.001033,0.001176,0.001235,0.0011767200000000054,0.001236333333333327
-0.468,0.0004554,0.0005895,0.0006666,0.0007409,0.0008145,0.000887,0.001034,0.001178,0.001239,0.0011785666666666722,0.0012399333333333277
-0.464,0.0004528,0.0005877,0.000665,0.0007402,0.0008139,0.0008871,0.001036,0.00118,0.001243,0.0011808533333333335,0.0012439566666666625
-0.46,0.0004504,0.0005867,0.0006637,0.0007392,0.0008145,0.000888,0.001037,0.001183,0.001247,0.0011829333333333312,0.0012467899999999983
-0.456,0.0004489,0.0005855,0.0006626,0.0007385,0.0008146,0.0008886,0.001039,0.001186,0.001251,0.0011871866666666698,0.0012523799999999998
-0.452,0.0004476,0.0005848,0.0006624,0.0007386,0.0008155,0.0008903,0.001042,0.00119,0.001256,0.001190880000000003,0.0012571666666666632
-0.448,0.0004464,0.000584,0.0006621,0.0007391,0.0008163,0.0008915,0.001043,0.001193,0.00126,0.0011929799999999993,0.0012600133333333311
-0.444,0.0004455,0.0005841,0.0006622,0.0007395,0.0008176,0.0008935,0.001047,0.001196,0.001265,0.0011974066666666618,0.0012662500000000022
-0.44,0.0004445,0.0005839,0.0006623,0.0007407,0.0008192,0.0008954,0.001049,0.0012,0.001269,0.0012008933333333303,0.0012700066666666697
-0.436,0.0004441,0.0005841,0.0006631,0.0007417,0.0008209,0.0008978,0.001052,0.001204,0.001274,0.0012037766666666634,0.0012736366666666653
-0.432,0.0004435,0.0005846,0.0006641,0.0007432,0.0008225,0.0008998,0.001055,0.001208,0.001279,0.001208189999999994,0.0012789566666666621
-0.428,0.0004432,0.0005855,0.0006649,0.0007447,0.0008246,0.0009026,0.001058,0.001212,0.001284,0.0012110166666666634,0.0012821833333333343
-0.424,0.0004431,0.000586,0.0006661,0.0007461,0.0008268,0.0009049,0.001062,0.001217,0.001289,0.0012155733333333377,0.0012870199999999992
-0.42,0.0004432,0.0005868,0.0006673,0.0007481,0.0008292,0.0009079,0.001066,0.001221,0.001294,0.0012223733333333394,0.0012950066666666683
-0.416,0.0004431,0.0005878,0.0006685,0.0007499,0.0008315,0.0009105,0.001069,0.001226,0.001299,0.0012251500000000038,0.0012978199999999981
-0.412,0.0004431,0.0005889,0.0006701,0.0007519,0.0008342,0.000914,0.001073,0.001231,0.001305,0.0012326666666666653,0.0013053166666666665
-0.408,0.0004434,0.0005902,0.000672,0.0007544,0.0008372,0.0009178,0.001077,0.001236,0.00131,0.0012368966666666669,0.0013097433333333303
-0.404,0.0004435,0.0005913,0.0006734,0.0007564,0.0008398,0.0009206,0.001081,0.001241,0.001315,0.0012382709999999976,0.0013118533333333368
-0.4,0.0004438,0.0005927,0.0006754,0.000759,0.0008431,0.0009243,0.001086,0.001246,0.001321,0.0012459866666666693,0.001319550000000003
-0.396,0.0004444,0.0005943,0.0006779,0.0007619,0.0008463,0.0009279,0.00109,0.001251,0.001326,0.0012501100000000022,0.001324036666666665
-0.392,0.0004451,0.0005966,0.0006801,0.0007647,0.0008496,0.0009319,0.001095,0.001257,0.001332,0.0012551400000000038,0.0013291933333333332
-0.388,0.0004465,0.0005987,0.0006828,0.0007679,0.0008534,0.0009358,0.0011,0.001262,0.001338,0.001260393333333334,0.001334243333333338
-0.384,0.0004476,0.0006009,0.0006853,0.0007711,0.000857,0.0009405,0.001105,0.001268,0.001344,0.0012649599999999975,0.001339866666666673
-0.38,0.000449,0.0006031,0.0006882,0.0007743,0.000861,0.0009446,0.00111,0.001274,0.00135,0.0012705439999999989,0.0013452200000000044
-0.376,0.000451,0.0006063,0.0006915,0.0007782,0.0008651,0.0009494,0.001116,0.00128,0.001357,0.0012753106666666687,0.0013508666666666666
-0.372,0.0004529,0.0006092,0.0006952,0.0007819,0.0008695,0.0009544,0.001121,0.001286,0.001363,0.0012802100000000036,0.0013581100000000013
-0.368,0.0004554,0.0006125,0.0006988,0.0007864,0.0008743,0.0009595,0.001127,0.001293,0.00137,0.00128995333333333,0.0013663666666666639
-0.364,0.0004579,0.0006159,0.000703,0.000791,0.0008796,0.000965,0.001132,0.0013,0.001377,0.0012966266666666704,0.0013725300000000016
-0.36,0.0004612,0.0006201,0.0007071,0.0007959,0.0008845,0.0009706,0.001139,0.001306,0.001384,0.0013022666666666627,0.001378423333333332
-0.356,0.0004645,0.0006245,0.0007121,0.0008008,0.0008903,0.0009767,0.001146,0.001313,0.001391,0.0013096400000000025,0.001386473333333328
-0.352,0.0004689,0.0006295,0.0007174,0.0008065,0.0008963,0.000983,0.001152,0.00132,0.001399,0.0013155266666666627,0.0013933299999999958
-0.348,0.0004734,0.0006348,0.0007231,0.0008127,0.0009029,0.0009893,0.001159,0.001328,0.001406,0.0013230033333333313,0.0013995466666666685
-0.344,0.0004786,0.0006408,0.000729,0.0008192,0.0009092,0.0009964,0.001166,0.001335,0.001414,0.0013299966666666609,0.0014083566666666719
-0.34,0.0004839,0.0006472,0.000736,0.0008257,0.0009164,0.001003,0.001174,0.001343,0.001422,0.0013381266666666633,0.0014163366666666629
-0.336,0.0004902,0.0006538,0.0007429,0.0008328,0.0009238,0.001011,0.001181,0.001351,0.00143,0.0013472666666666626,0.0014251066666666598
-0.332,0.0004971,0.0006613,0.0007503,0.000841,0.0009318,0.001019,0.001189,0.001359,0.001438,0.0013553999999999981,0.0014330166666666623
-0.328,0.0005044,0.0006692,0.0007583,0.0008488,0.0009397,0.001027,0.001197,0.001368,0.001446,0.001362343333333329,0.0014390800000000004
-0.324,0.0005128,0.0006778,0.000767,0.0008577,0.0009489,0.001037,0.001206,0.001376,0.001455,0.0013686799999999958,0.001447116666666665
-0.32,0.0005217,0.0006875,0.0007768,0.0008671,0.0009583,0.001046,0.001215,0.001385,0.001464,0.0013773500000000053,0.0014547300000000037
-0.316,0.0005313,0.0006975,0.0007873,0.0008774,0.0009686,0.001056,0.001225,0.001395,0.001474,0.0013874399999999972,0.001464926666666661
-0.312,0.0005421,0.0007089,0.0007982,0.0008886,0.0009792,0.001066,0.001235,0.001405,0.001483,0.0013975033333333297,0.0014741800000000035
-0.308,0.0005536,0.000721,0.0008103,0.0009001,0.0009911,0.001078,0.001244,0.001415,0.001493,0.0014078066666666658,0.0014842533333333386
-0.304,0.0005662,0.0007339,0.000823,0.0009129,0.001003,0.00109,0.001257,0.001425,0.001503,0.0014174466666666704,0.0014930466666666618
-0.3,0.0005801,0.000748,0.0008376,0.0009266,0.001016,0.001103,0.001268,0.001436,0.001513,0.0014246133333333313,0.0014994799999999938
-0.296,0.000595,0.0007637,0.0008524,0.0009413,0.001031,0.001116,0.00128,0.001447,0.001525,0.0014351633333333283,0.0015108799999999968
-0.292,0.0006118,0.0007807,0.0008691,0.0009573,0.001046,0.001131,0.001293,0.001459,0.001536,0.0014459799999999958,0.0015238499999999965
-0.288,0.0006298,0.0007988,0.0008874,0.0009745,0.001063,0.001147,0.001307,0.001472,0.001548,0.0014574199999999936,0.0015363899999999969
-0.284,0.00065,0.0008191,0.000907,0.0009933,0.001081,0.001164,0.001322,0.001485,0.001561,0.001471863333333334,0.0015498066666666613
-0.28,0.0006715,0.0008407,0.0009282,0.001013,0.001101,0.001182,0.001338,0.0015,0.001574,0.0014826900000000014,0.0015643533333333374
-0.276,0.0006953,0.0008647,0.0009517,0.001035,0.001121,0.001202,0.001355,0.001514,0.001588,0.00148621666666667,0.0015679333333333285
-0.272,0.0007214,0.0008909,0.0009768,0.00106,0.001144,0.001223,0.001373,0.00153,0.001603,0.0015107899999999936,0.0015924033333333386
-0.268,0.0007499,0.000919,0.001004,0.001086,0.001169,0.001247,0.001393,0.001547,0.001619,0.0015283000000000035,0.0016044599999999964
-0.264,0.0007812,0.0009497,0.001034,0.001113,0.001196,0.001271,0.001413,0.001565,0.001635,0.0015458199999999961,0.0016191933333333337
-0.26,0.0008152,0.0009834,0.001067,0.001144,0.001224,0.001298,0.001435,0.001583,0.001653,0.0015610866666666673,0.0016280600000000032
-0.256,0.0008524,0.00102,0.001103,0.001178,0.001256,0.001327,0.00146,0.001603,0.001671,0.0015691200000000046,0.0016311599999999944
-0.252,0.000893,0.00106,0.001141,0.001213,0.001289,0.001358,0.001485,0.001624,0.001691,0.0015909366666666694,0.001652586666666666
-0.248,0.0009376,0.001103,0.001183,0.001253,0.001326,0.001392,0.001512,0.001647,0.001712,0.0016183666666666693,0.0016783866666666624
-0.244,0.0009854,0.00115,0.001228,0.001295,0.001366,0.001429,0.001542,0.001671,0.001735,0.0016491899999999948,0.001709889999999995
-0.24,0.001037,0.001201,0.001277,0.00134,0.001408,0.001468,0.001574,0.001696,0.001758,0.0016721599999999926,0.0017331766666666636
-0.236,0.001094,0.001255,0.00133,0.001389,0.001454,0.00151,0.001608,0.001723,0.001784,0.001705609999999991,0.0017670900000000046
-0.232,0.001154,0.001314,0.001385,0.001441,0.001503,0.001555,0.001643,0.001751,0.00181,0.0017413333333333343,0.001800169999999994
-0.228,0.00122,0.001377,0.001446,0.001497,0.001555,0.001603,0.001682,0.001782,0.001838,0.001772093333333333,0.00182440666666667
-0.224,0.001289,0.001444,0.00151,0.001557,0.001611,0.001654,0.001723,0.001813,0.001867,0.0017971566666666694,0.0018469700000000014
-0.22,0.001363,0.001515,0.001578,0.00162,0.001671,0.00171,0.001767,0.001847,0.001899,0.001840699999999997,0.00189197333333333
-0.216,0.001442,0.001591,0.001651,0.001688,0.001734,0.001768,0.001813,0.001882,0.001932,0.0018770500000000019,0.001919106666666667
-0.212,0.001526,0.001671,0.001727,0.001759,0.001801,0.001829,0.001862,0.001919,0.001966,0.0019122366666666686,0.0019444633333333386
-0.208,0.001613,0.001755,0.001808,0.001833,0.001872,0.001895,0.001913,0.001957,0.002002,0.001954293333333326,0.0019732433333333296
-0.204,0.001705,0.001842,0.001892,0.001912,0.001946,0.001964,0.001967,0.001998,0.002038,0.0019938900000000047,0.0020010866666666646
-0.2,0.0018,0.001933,0.001979,0.001994,0.002023,0.002036,0.002023,0.002038,0.002076,0.002041223333333329,0.0020561800000000008
-0.196,0.001899,0.002027,0.00207,0.00208,0.002105,0.002111,0.002082,0.00208,0.002116,0.002112200000000003,0.002109866666666669
-0.192,0.002002,0.002125,0.002165,0.002168,0.002189,0.002189,0.002143,0.002124,0.002155,0.002135010000000003,0.002129603333333338
-0.188,0.002107,0.002225,0.002262,0.00226,0.002277,0.00227,0.002205,0.002167,0.002195,0.0021770233333333324,0.002155573333333327
-0.184,0.002215,0.002328,0.002362,0.002354,0.002366,0.002353,0.002268,0.002211,0.002234,0.00228424333333333,0.0022707033333333303
-0.18,0.002325,0.002433,0.002464,0.002449,0.002458,0.002438,0.002332,0.002254,0.002274,0.002282836666666658,0.002277616666666664
-0.176,0.002438,0.002539,0.002568,0.002548,0.002551,0.002524,0.002397,0.002298,0.002312,0.0023274033333333406,0.0023247299999999953
-0.172,0.002552,0.002647,0.002674,0.002647,0.002645,0.002611,0.002461,0.00234,0.002349,0.0023726133333333375,0.0023573500000000076
-0.168,0.002667,0.002756,0.00278,0.002747,0.00274,0.002699,0.002524,0.002381,0.002384,0.0024072599999999987,0.002391946666666678
-0.164,0.002783,0.002865,0.002887,0.002847,0.002835,0.002785,0.002587,0.002421,0.002418,0.002460476666666673,0.0024368666666666713
-0.16,0.002899,0.002973,0.002994,0.002947,0.002929,0.002871,0.002648,0.002459,0.002449,0.002499039999999994,0.0024645166666666706
-0.156,0.003015,0.003083,0.0031,0.003047,0.003023,0.002956,0.002706,0.002494,0.002478,0.0025382933333333293,0.0025004566666666597
-0.152,0.003132,0.003192,0.003206,0.003146,0.003115,0.003038,0.002762,0.002528,0.002505,0.0025635433333333203,0.0025296233333333253
-0.148,0.003248,0.0033,0.003311,0.003244,0.003205,0.003118,0.002814,0.002559,0.002529,0.002592263333333323,0.0025546366666666692
-0.144,0.003362,0.003406,0.003414,0.003339,0.003291,0.003194,0.002862,0.002587,0.00255,0.0026611233333333354,0.0026033266666666763
-0.14,0.003475,0.00351,0.003514,0.00343,0.003374,0.003266,0.002905,0.002611,0.002568,0.002683790000000003,0.0026230733333333376
-0.136,0.003585,0.003611,0.003612,0.003519,0.003453,0.003332,0.002942,0.002633,0.002584,0.0026739233333333305,0.0026143966666666687
-0.132,0.003693,0.003709,0.003705,0.003602,0.003526,0.003393,0.002973,0.002651,0.002597,0.0026684699999999883,0.002609359999999996
-0.128,0.003799,0.003804,0.003795,0.003681,0.003593,0.003446,0.002997,0.002667,0.002608,0.0026772399999999913,0.002615333333333343
-0.124,0.003901,0.003893,0.003878,0.003753,0.003653,0.003492,0.003014,0.00268,0.002617,0.0026848433333333376,0.0026209233333333295
-0.12,0.003998,0.003977,0.003956,0.003818,0.003705,0.003528,0.003024,0.002691,0.002626,0.0026964733333333323,0.0026305433333333413
-0.116,0.00409,0.004054,0.004024,0.003875,0.003748,0.003554,0.003027,0.002702,0.002634,0.00271138333333333,0.0026424166666666753
-0.112,0.004177,0.004122,0.004085,0.003922,0.003779,0.003568,0.003025,0.002712,0.002643,0.0027205233333333434,0.0026504999999999936
-0.108,0.004256,0.00418,0.004134,0.003958,0.003797,0.003568,0.003018,0.002722,0.002653,0.0027281633333333384,0.0026582466666666706
-0.104,0.004328,0.004228,0.004172,0.003981,0.003801,0.003555,0.003008,0.002734,0.002663,0.0027372466666666755,0.0026660133333333293
-0.1,0.004392,0.004263,0.004196,0.003989,0.003788,0.003527,0.002998,0.002746,0.002674,0.002747273333333348,0.0026751166666666585
-0.096,0.004444,0.004282,0.004203,0.003979,0.003757,0.003486,0.002988,0.002758,0.002685,0.0027602366666666794,0.002686796666666674
-0.092,0.004489,0.004287,0.004192,0.00395,0.003709,0.003436,0.002982,0.002773,0.002698,0.002771590000000013,0.002696776666666662
-0.088,0.00452,0.004272,0.004161,0.0039,0.003642,0.003381,0.002978,0.002788,0.002712,0.0027815900000000104,0.002706006666666673
-0.084,0.00454,0.004237,0.004104,0.003828,0.003563,0.003324,0.002978,0.002804,0.002725,0.0027912133333333373,0.0027138999999999952
-0.08,0.004545,0.004177,0.004022,0.003736,0.003478,0.003274,0.002981,0.002821,0.002738,0.0028033299999999954,0.0027229900000000024
-0.076,0.004535,0.004089,0.003912,0.003631,0.003396,0.003233,0.002986,0.002837,0.002751,0.0028234399999999896,0.0027389099999999876
-0.072,0.004507,0.00397,0.00378,0.003524,0.003327,0.003202,0.002993,0.002852,0.002763,0.0028425899999999916,0.0027538933333333226
-0.068,0.00446,0.003825,0.00364,0.003428,0.003274,0.003181,0.003001,0.002867,0.002776,0.0028673933333333247,0.002774179999999995
-0.064,0.004391,0.003662,0.003512,0.003353,0.003235,0.003167,0.003009,0.002881,0.002786,0.0028902500000000113,0.002792119999999994
-0.06,0.004299,0.003507,0.003406,0.003296,0.003208,0.003156,0.003018,0.002893,0.002797,0.0028923600000000126,0.0027894933333333424
-0.056,0.004182,0.003379,0.003327,0.003253,0.003187,0.003149,0.003025,0.002904,0.002806,0.002908176666666672,0.0028093866666666577
-0.052,0.004041,0.003282,0.003267,0.00322,0.003171,0.003144,0.003032,0.002914,0.002815,0.0029222166666666525,0.002826853333333343
-0.048,0.003884,0.003214,0.003224,0.003196,0.00316,0.00314,0.003038,0.002922,0.002823,0.0029287533333333224,0.002833253333333345
-0.044,0.003725,0.003172,0.003196,0.00318,0.003155,0.00314,0.003045,0.00293,0.002831,0.0029315966666666597,0.0028339266666666785
-0.04,0.003581,0.003148,0.003179,0.003172,0.003151,0.00314,0.00305,0.002936,0.002837,0.0029372400000000107,0.002844779999999991
-0.036,0.003463,0.003142,0.003174,0.00317,0.003153,0.003143,0.003055,0.00294,0.002841,0.0029435166666666804,0.002852796666666657
-0.032,0.003382,0.003149,0.003181,0.003175,0.00316,0.00315,0.00306,0.002944,0.002845,0.002945596666666656,0.0028504366666666585
-0.028,0.003339,0.003167,0.003197,0.003189,0.003172,0.003159,0.003065,0.002948,0.002847,0.002950033333333318,0.0028519233333333394
-0.024,0.003331,0.003192,0.003219,0.003206,0.003187,0.003171,0.003072,0.002952,0.002849,0.0029593599999999903,0.002861929999999996
-0.02,0.003346,0.003219,0.003244,0.003227,0.003204,0.003184,0.003079,0.002955,0.002849,0.0029654633333333386,0.002866913333333327
-0.016,0.003373,0.003248,0.003269,0.00325,0.003222,0.003199,0.003088,0.002959,0.002848,0.0029697766666666797,0.0028667133333333253
-0.012,0.003405,0.003276,0.003295,0.003272,0.003241,0.003214,0.003097,0.002962,0.002846,0.002973310000000009,0.0028652500000000062
-0.008,0.00344,0.003303,0.003318,0.003292,0.003257,0.003227,0.003105,0.002965,0.002842,0.0029725500000000005,0.0028549733333333403
-0.004,0.003473,0.003328,0.003341,0.00331,0.003271,0.003239,0.003112,0.002966,0.002838,0.00296329000000001,0.0028318766666666716
0.0,0.003506,0.00335,0.003358,0.003325,0.003282,0.003247,0.003116,0.002965,0.00283,0.002963429999999996,0.002826623333333335
0.004,0.003535,0.003368,0.003372,0.003337,0.003289,0.003252,0.003117,0.002961,0.00282,0.0029665933333333275,0.0028291033333333413
0.008,0.003562,0.003384,0.003385,0.003347,0.003295,0.003255,0.003116,0.002957,0.002809,0.0029541399999999953,0.0028082933333333266
0.012,0.003584,0.003398,0.003394,0.003353,0.003297,0.003254,0.003112,0.00295,0.002797,0.0029452333333333395,0.002793203333333339
0.016,0.003603,0.003407,0.003399,0.003355,0.003294,0.00325,0.003105,0.00294,0.002782,0.0029349866666666807,0.002778946666666658
0.02,0.003619,0.003412,0.003399,0.003354,0.003289,0.003242,0.003096,0.002928,0.002765,0.0029278800000000107,0.0027680233333333367
0.024,0.00363,0.003413,0.003396,0.003348,0.003279,0.00323,0.003083,0.002913,0.002745,0.0029145300000000146,0.00275022333333333
0.028,0.003636,0.003409,0.003389,0.003338,0.003266,0.003214,0.003066,0.002895,0.002724,0.0029024199999999984,0.002736759999999988
0.032,0.003638,0.0034,0.003376,0.003324,0.003247,0.003194,0.003045,0.002874,0.002701,0.002893180000000008,0.0027382999999999887
0.036,0.003635,0.003386,0.003359,0.003304,0.003224,0.003169,0.003022,0.002851,0.002675,0.002869473333333345,0.0027143466666666575
0.04,0.003626,0.003366,0.003337,0.00328,0.003196,0.00314,0.002994,0.002825,0.002647,0.0028488533333333303,0.00269194999999999
0.044,0.00361,0.003339,0.00331,0.00325,0.003163,0.003106,0.002963,0.002796,0.002617,0.002860350000000006,0.0027371666666666586
0.048,0.003588,0.003307,0.003277,0.003214,0.003125,0.003067,0.002927,0.002764,0.002585,0.002802993333333328,0.0026650099999999894
0.052,0.00356,0.003268,0.003239,0.003173,0.003082,0.003024,0.002889,0.002729,0.002552,0.002753189999999992,0.002623739999999997
0.056,0.003523,0.003223,0.003196,0.003126,0.003034,0.002975,0.002845,0.002691,0.002516,0.0027133333333333315,0.0026000899999999963
0.06,0.003479,0.003172,0.003147,0.003074,0.002982,0.002923,0.0028,0.002652,0.002479,0.0026856533333333285,0.002563336666666672
0.064,0.003425,0.003114,0.00309,0.003016,0.002924,0.002866,0.002749,0.002609,0.002441,0.0026415299999999905,0.0025215733333333427
0.068,0.003362,0.003048,0.003028,0.002952,0.002861,0.002804,0.002695,0.002565,0.002401,0.002599903333333339,0.0024881699999999927
0.072,0.003289,0.002976,0.002959,0.002881,0.002793,0.002737,0.002638,0.002517,0.002359,0.002551553333333331,0.002435609999999999
0.076,0.003206,0.002896,0.002883,0.002806,0.002721,0.002668,0.002578,0.002468,0.002318,0.0024876666666666797,0.0023808733333333405
0.08,0.003113,0.00281,0.002801,0.002725,0.002644,0.002594,0.002515,0.002417,0.002275,0.002434790000000002,0.002340623333333345
0.084,0.003011,0.002717,0.002713,0.002639,0.002563,0.002518,0.002451,0.002365,0.002232,0.0023964699999999943,0.002302296666666673
0.088,0.002899,0.002618,0.002619,0.00255,0.00248,0.002439,0.002384,0.002313,0.002188,0.0023516300000000047,0.0022669033333333334
0.092,0.002779,0.002514,0.002521,0.002456,0.002393,0.002359,0.002317,0.002259,0.002145,0.0022849833333333353,0.002195683333333329
0.096,0.002651,0.002405,0.002418,0.00236,0.002305,0.002277,0.002248,0.002205,0.002102,0.0022178200000000036,0.0021296900000000053
0.1,0.002517,0.002294,0.002313,0.002262,0.002216,0.002194,0.00218,0.002152,0.00206,0.002162630000000002,0.002080819999999996
0.104,0.002378,0.00218,0.002206,0.002164,0.002126,0.002112,0.002113,0.002098,0.002018,0.0021124666666666697,0.002049253333333332
0.108,0.002237,0.002065,0.002098,0.002065,0.002036,0.002031,0.002045,0.002045,0.001976,0.0020611766666666673,0.002016149999999994
0.112,0.002094,0.001952,0.001992,0.001968,0.001949,0.001952,0.00198,0.001994,0.001937,0.002006953333333338,0.0019805333333333336
0.116,0.001954,0.001841,0.001888,0.001874,0.001864,0.001874,0.001917,0.001945,0.001898,0.0019626466666666557,0.0019549466666666654
0.12,0.001817,0.001733,0.001787,0.001782,0.001782,0.0018,0.001856,0.001897,0.001861,0.0019082233333333318,0.001906610000000001
0.124,0.001685,0.00163,0.00169,0.001695,0.001704,0.001729,0.001799,0.001852,0.001826,0.0018541366666666706,0.0018586033333333296
0.128,0.00156,0.001532,0.001599,0.001612,0.001629,0.001661,0.001743,0.001808,0.001791,0.0018040566666666614,0.001806606666666661
0.132,0.001443,0.001441,0.001513,0.001534,0.001559,0.001597,0.001691,0.001766,0.001759,0.001754989999999997,0.001764040000000003
0.136,0.001333,0.001355,0.001432,0.001461,0.001494,0.001538,0.001642,0.001727,0.001728,0.0017252833333333288,0.0017465066666666673
0.14,0.001233,0.001277,0.001357,0.001394,0.001433,0.001483,0.001595,0.001689,0.001698,0.0016890766666666638,0.0017238899999999938
0.144,0.001142,0.001204,0.001288,0.001332,0.001377,0.001431,0.001552,0.001654,0.00167,0.0016462599999999944,0.0016848200000000016
0.148,0.001058,0.001137,0.001224,0.001275,0.001325,0.001383,0.001512,0.001621,0.001644,0.001615779999999996,0.00165461666666666
0.152,0.0009826,0.001076,0.001166,0.001221,0.001277,0.001339,0.001474,0.00159,0.001619,0.001572699999999997,0.0016113966666666628
0.156,0.0009156,0.001022,0.001113,0.001174,0.001233,0.001298,0.001439,0.001561,0.001596,0.0015437033333333297,0.001584103333333327
0.16,0.0008549,0.0009714,0.001065,0.00113,0.001193,0.001261,0.001408,0.001534,0.001574,0.0015282633333333284,0.0015790800000000048
0.164,0.0008013,0.0009268,0.001021,0.00109,0.001156,0.001227,0.001377,0.001509,0.001553,0.0014892133333333304,0.001538740000000007
0.168,0.0007535,0.0008862,0.0009813,0.001053,0.001122,0.001195,0.00135,0.001485,0.001533,0.0014620633333333347,0.00151669666666667
0.172,0.0007111,0.0008492,0.0009449,0.00102,0.001092,0.001166,0.001324,0.001463,0.001515,0.0014531499999999972,0.0015185433333333284
0.176,0.0006732,0.0008161,0.0009125,0.0009895,0.001064,0.001139,0.0013,0.001443,0.001497,0.0014390066666666722,0.0015091433333333387
0.18,0.0006398,0.000787,0.0008831,0.0009619,0.001038,0.001115,0.001277,0.001423,0.00148,0.001414606666666669,0.001487126666666662
0.184,0.0006105,0.0007608,0.0008558,0.0009369,0.001014,0.001092,0.001257,0.001404,0.001464,0.0014018933333333353,0.0014712333333333353
0.188,0.000584,0.0007374,0.0008318,0.0009135,0.0009931,0.001072,0.001237,0.001388,0.001449,0.0013877500000000005,0.0014565566666666623
0.192,0.0005609,0.000716,0.0008103,0.0008926,0.0009723,0.001053,0.001219,0.001371,0.001434,0.0013696166666666715,0.0014394199999999966
0.196,0.0005406,0.0006973,0.0007906,0.0008736,0.0009546,0.001034,0.001203,0.001356,0.001421,0.0013562133333333366,0.0014274133333333353
0.2,0.0005225,0.0006803,0.0007731,0.0008565,0.0009375,0.001018,0.001186,0.001341,0.001407,0.0013419266666666626,0.0014119833333333296
0.204,0.0005064,0.0006651,0.0007568,0.0008405,0.0009224,0.001003,0.001172,0.001328,0.001395,0.0013313633333333305,0.0014023533333333271
0.208,0.0004918,0.000651,0.0007426,0.000826,0.0009083,0.000989,0.001158,0.001315,0.001382,0.0013182733333333364,0.001389246666666665
0.212,0.0004788,0.0006382,0.0007292,0.0008132,0.0008949,0.000976,0.001145,0.001302,0.001371,0.0013040066666666712,0.0013758600000000035
0.216,0.0004675,0.0006269,0.000717,0.0008008,0.0008831,0.0009638,0.001132,0.00129,0.001359,0.0012920566666666717,0.0013636366666666655
0.22,0.0004576,0.0006169,0.0007061,0.0007901,0.0008722,0.0009524,0.001121,0.00128,0.001348,0.0012812300000000017,0.001351860000000002
0.224,0.0004484,0.0006079,0.0006959,0.0007798,0.0008615,0.0009423,0.00111,0.001269,0.001338,0.001268557333333336,0.0013401266666666705
0.228,0.0004404,0.0005991,0.0006869,0.0007703,0.000852,0.0009324,0.0011,0.001259,0.001327,0.0012581066666666708,0.0013281100000000047
0.232,0.000433,0.0005915,0.0006786,0.0007617,0.0008431,0.0009231,0.00109,0.001249,0.001317,0.001248043333333334,0.001318083333333339
0.236,0.0004266,0.0005845,0.0006707,0.0007537,0.0008347,0.0009147,0.00108,0.00124,0.001308,0.0012374500000000017,0.0013071266666666624
0.24,0.0004206,0.0005777,0.0006634,0.0007463,0.0008269,0.0009064,0.001072,0.001231,0.001298,0.001228436666666665,0.0012972366666666698
0.244,0.0004152,0.0005722,0.0006566,0.000739,0.0008196,0.0008988,0.001064,0.001222,0.001289,0.0012202633333333345,0.001288606666666665
0.248,0.0004102,0.0005664,0.0006504,0.0007327,0.0008124,0.0008914,0.001056,0.001213,0.00128,0.001209653333333336,0.0012771700000000006
0.252,0.000406,0.0005616,0.000645,0.0007267,0.0008063,0.0008847,0.001048,0.001205,0.001272,0.0012024866666666698,0.0012696633333333317
0.256,0.000402,0.0005569,0.0006393,0.0007208,0.0008001,0.0008779,0.00104,0.001196,0.001263,0.0011935133333333297,0.0012606366666666677
0.26,0.0003983,0.0005522,0.0006347,0.0007155,0.0007938,0.0008716,0.001033,0.001188,0.001255,0.0011869633333333343,0.0012539200000000023
0.264,0.0003953,0.0005485,0.0006299,0.0007108,0.0007886,0.000866,0.001026,0.001181,0.001247,0.0011739899999999954,0.0012390399999999988
0.268,0.0003925,0.0005443,0.0006259,0.0007057,0.0007833,0.0008602,0.00102,0.001174,0.001239,0.001172040000000002,0.001237066666666664
0.272,0.0003896,0.0005407,0.0006217,0.0007014,0.0007782,0.0008548,0.001013,0.001166,0.001232,0.0011586930000000006,0.0012244633333333376
0.276,0.000387,0.0005373,0.0006177,0.0006968,0.0007736,0.0008492,0.001007,0.001159,0.001224,0.0011559633333333326,0.0012205533333333367
0.28,0.0003847,0.000534,0.0006139,0.0006928,0.000769,0.000844,0.001001,0.001152,0.001217,0.0011492289999999945,0.001213773333333336
0.284,0.0003825,0.000531,0.0006105,0.0006888,0.0007645,0.0008392,0.0009953,0.001146,0.00121,0.0011413256666666647,0.0012049499999999974
0.288,0.0003803,0.0005284,0.0006071,0.000685,0.0007604,0.0008344,0.0009896,0.001139,0.001203,0.0011370323333333328,0.0012006800000000021
0.292,0.0003785,0.0005256,0.000604,0.0006815,0.0007563,0.0008297,0.000984,0.001133,0.001196,0.001130498666666663,0.0011934599999999958
0.296,0.0003768,0.0005234,0.0006009,0.0006775,0.0007523,0.0008257,0.000979,0.001127,0.001189,0.001126703333333329,0.0011888833333333294
0.3,0.000375,0.0005208,0.000598,0.0006743,0.0007485,0.0008212,0.0009735,0.001121,0.001183,0.0011193766666666646,0.0011812666666666625
0.304,0.0003737,0.0005186,0.0005953,0.0006712,0.0007447,0.0008171,0.0009684,0.001115,0.001177,0.0011129819999999991,0.0011750799999999972
0.308,0.0003721,0.0005167,0.0005927,0.0006683,0.0007413,0.0008132,0.0009638,0.001109,0.001171,0.0011075073333333375,0.0011696499999999967
0.312,0.0003707,0.0005143,0.0005901,0.000665,0.0007375,0.0008092,0.0009585,0.001103,0.001164,0.001099209333333335,0.0011609233333333326
0.316,0.0003696,0.0005125,0.0005878,0.0006621,0.0007343,0.0008055,0.0009536,0.001098,0.001159,0.0010954499999999972,0.001156220000000001
0.32,0.0003684,0.0005109,0.0005856,0.0006595,0.000731,0.0008017,0.0009494,0.001092,0.001153,0.0010906886666666661,0.0011515500000000005
0.324,0.0003678,0.0005089,0.0005834,0.000657,0.0007278,0.0007983,0.000945,0.001087,0.001147,0.0010856616666666693,0.0011458966666666693
0.328,0.0003667,0.0005075,0.0005812,0.0006542,0.000725,0.0007948,0.0009405,0.001082,0.001142,0.00108003666666667,0.0011396999999999991
0.332,0.0003657,0.0005062,0.0005793,0.0006517,0.0007222,0.0007914,0.0009361,0.001077,0.001136,0.0010752599999999989,0.0011342533333333355
0.336,0.0003652,0.0005046,0.0005772,0.0006493,0.0007194,0.0007879,0.0009319,0.001072,0.001131,0.0010703300000000004,0.0011292266666666645
0.34,0.0003644,0.0005032,0.0005756,0.0006472,0.0007165,0.000785,0.0009279,0.001067,0.001126,0.0010648500000000009,0.00112369
0.344,0.0003639,0.0005023,0.0005737,0.0006452,0.0007137,0.0007819,0.000924,0.001062,0.001121,0.001060806666666667,0.0011197166666666674
0.348,0.0003635,0.000501,0.0005723,0.0006429,0.0007114,0.0007788,0.00092,0.001057,0.001116,0.0010555316666666643,0.0011143766666666674
0.352,0.000363,0.0004999,0.0005705,0.0006411,0.0007089,0.000776,0.000916,0.001052,0.001111,0.001050248333333331,0.0011088566666666625
0.356,0.0003624,0.0004989,0.0005693,0.0006391,0.0007065,0.000773,0.0009124,0.001048,0.001106,0.001046437999999995,0.0011043933333333303
0.36,0.0003622,0.0004981,0.000568,0.0006374,0.0007042,0.0007703,0.0009088,0.001044,0.001102,0.0010426076666666631,0.001100296666666664
0.364,0.0003621,0.0004973,0.0005669,0.0006358,0.0007023,0.0007679,0.0009052,0.00104,0.001097,0.0010388583333333335,0.0010958900000000002
0.368,0.000362,0.0004969,0.0005658,0.0006344,0.0007002,0.0007654,0.000902,0.001036,0.001093,0.0010345843333333326,0.001091463333333338
0.372,0.0003616,0.0004961,0.000565,0.0006326,0.0006984,0.0007631,0.0008989,0.001032,0.001089,0.0010309599999999983,0.0010877833333333361
0.376,0.0003615,0.0004956,0.0005637,0.0006311,0.0006963,0.0007606,0.0008954,0.001028,0.001084,0.0010265833333333307,0.0010829666666666632
0.38,0.0003617,0.000495,0.0005628,0.0006299,0.0006945,0.0007586,0.0008924,0.001024,0.001081,0.0010228843333333348,0.0010799633333333314
0.384,0.0003615,0.0004945,0.0005618,0.0006287,0.0006929,0.0007565,0.0008895,0.00102,0.001077,0.0010193810000000004,0.0010765333333333294
0.388,0.0003614,0.0004939,0.0005609,0.0006275,0.0006911,0.0007542,0.0008866,0.001016,0.001073,0.0010150009999999989,0.0010718599999999946
0.392,0.0003617,0.0004937,0.0005606,0.0006263,0.0006896,0.0007526,0.0008838,0.001013,0.001069,0.001012497666666663,0.001068619999999994
0.396,0.0003617,0.0004936,0.0005599,0.0006251,0.0006883,0.0007507,0.0008812,0.00101,0.001065,0.0010098836666666698,0.0010650799999999988
0.4,0.000362,0.0004931,0.0005594,0.0006241,0.0006869,0.0007491,0.0008786,0.001007,0.001062,0.0010056626666666664,0.001060837000000002
0.404,0.0003621,0.0004931,0.0005587,0.0006235,0.0006857,0.000747,0.0008763,0.001003,0.001058,0.0010029249999999993,0.0010578966666666683
0.408,0.0003621,0.0004929,0.000558,0.0006222,0.0006844,0.0007458,0.0008739,0.001,0.001055,0.000999901666666667,0.0010547819999999974
0.412,0.0003626,0.0004927,0.0005579,0.0006216,0.0006834,0.0007445,0.0008715,0.0009974,0.001052,0.0009958816666666675,0.0010506576666666656
0.416,0.0003626,0.0004924,0.0005569,0.0006204,0.0006818,0.0007427,0.000869,0.0009943,0.001049,0.000993512333333336,0.0010485633333333336
0.42,0.0003631,0.0004923,0.0005566,0.0006197,0.000681,0.0007416,0.0008669,0.0009915,0.001046,0.000990233666666669,0.0010450266666666643
0.424,0.0003633,0.0004925,0.0005564,0.0006194,0.0006799,0.0007401,0.000865,0.0009888,0.001043,0.000987767333333338,0.0010424996666666662
0.428,0.0003638,0.0004927,0.000556,0.0006184,0.0006789,0.0007388,0.0008627,0.0009866,0.00104,0.000985148333333336,0.0010387216666666687
0.432,0.0003641,0.0004927,0.0005557,0.000618,0.000678,0.0007377,0.0008611,0.0009838,0.001037,0.000984014000000001,0.0010373133333333377
0.436,0.0003647,0.0004927,0.0005555,0.0006173,0.0006776,0.0007368,0.0008595,0.0009815,0.001035,0.0009810006666666675,0.0010342760000000035
0.44,0.0003649,0.0004929,0.0005553,0.0006169,0.0006763,0.0007356,0.0008576,0.0009793,0.001032,0.0009789656666666661,0.0010318233333333324
0.444,0.0003654,0.0004931,0.0005553,0.0006165,0.0006759,0.0007346,0.0008559,0.0009771,0.00103,0.0009767790000000027,0.001029633333333331
0.448,0.0003658,0.0004931,0.000555,0.000616,0.0006754,0.0007336,0.0008546,0.000975,0.001028,0.0009751183333333354,0.0010279266666666632
0.452,0.0003664,0.0004934,0.0005549,0.0006157,0.0006746,0.0007325,0.0008533,0.0009729,0.001025,0.0009727993333333333,0.0010249766666666639
0.456,0.000367,0.0004935,0.0005551,0.0006153,0.0006742,0.0007318,0.0008517,0.0009711,0.001023,0.0009709690000000015,0.0010228899999999974
0.46,0.0003676,0.0004936,0.0005549,0.0006153,0.0006739,0.0007313,0.0008503,0.0009692,0.001021,0.0009694096666666689,0.0010212099999999961
0.464,0.0003678,0.0004944,0.0005551,0.0006151,0.0006733,0.0007303,0.0008488,0.0009674,0.001019,0.0009673240000000011,0.001018969999999997
0.468,0.0003689,0.0004946,0.0005553,0.0006147,0.0006731,0.0007298,0.0008481,0.0009662,0.001018,0.000965883333333331,0.0010175799999999997
0.472,0.0003693,0.0004951,0.0005554,0.0006145,0.0006728,0.0007291,0.0008469,0.0009643,0.001016,0.0009640943333333311,0.0010156166666666665
0.476,0.0003701,0.0004954,0.0005551,0.0006147,0.0006721,0.0007287,0.0008456,0.0009631,0.001014,0.0009629249999999976,0.0010139366666666668
0.48,0.0003707,0.0004954,0.0005557,0.0006144,0.0006718,0.000728,0.0008444,0.0009613,0.001012,0.0009612573333333339,0.0010121166666666713
0.484,0.0003715,0.000496,0.0005557,0.0006142,0.0006716,0.0007275,0.0008433,0.0009599,0.001011,0.0009594740000000053,0.0010104553333333348
0.488,0.000372,0.0004962,0.0005555,0.0006141,0.0006711,0.0007268,0.0008424,0.0009583,0.001009,0.0009584503333333353,0.0010092733333333342
0.492,0.0003728,0.0004966,0.000556,0.000614,0.0006708,0.0007262,0.0008413,0.0009569,0.001008,0.0009568356666666681,0.0010077333333333364
0.496,0.0003735,0.0004974,0.0005561,0.0006141,0.0006704,0.0007257,0.0008401,0.0009557,0.001006,0.000955428666666668,0.0010059033333333371
0.5,0.0003739,0.0004977,0.0005562,0.000614,0.00067,0.000725,0.0008392,0.0009542,0.001005,0.0009542783333333316,0.0010049390000000007
0.504,0.0003748,0.0004982,0.0005565,0.0006138,0.0006695,0.0007243,0.0008383,0.0009529,0.001003,0.0009524233333333331,0.0010027346666666658
0.508,0.0003754,0.0004985,0.0005567,0.0006136,0.0006697,0.0007237,0.0008372,0.0009515,0.001002,0.0009514386666666642,0.0010019586666666677
0.512,0.0003763,0.0004989,0.0005568,0.0006136,0.0006693,0.0007236,0.0008366,0.0009501,0.001001,0.0009501306666666692,0.0010008999999999981
0.516,0.0003766,0.000499,0.0005568,0.0006136,0.0006687,0.0007228,0.0008352,0.0009487,0.0009992,0.0009488330000000006,0.0009994383333333334
0.52,0.0003772,0.0004995,0.0005573,0.0006133,0.0006685,0.0007222,0.0008344,0.0009476,0.0009985,0.0009473863333333316,0.0009981773333333375
0.524,0.0003778,0.0004999,0.0005572,0.0006133,0.0006683,0.0007218,0.0008337,0.0009467,0.0009974,0.000946884999999999,0.000997602000000001
0.528,0.0003788,0.0005004,0.0005574,0.0006133,0.000668,0.0007213,0.0008327,0.0009456,0.000996,0.0009456176666666643,0.000996068999999999
0.532,0.0003794,0.0005008,0.0005578,0.0006132,0.0006677,0.0007212,0.0008319,0.0009447,0.000995,0.0009446359999999998,0.0009949986666666663
0.536,0.0003803,0.0005013,0.000558,0.0006131,0.0006673,0.0007205,0.0008308,0.0009434,0.000994,0.0009429836666666684,0.0009934866666666637
0.54,0.0003806,0.0005017,0.0005581,0.0006131,0.0006674,0.0007202,0.0008304,0.0009424,0.0009928,0.0009424350000000027,0.000992851999999998
0.544,0.0003813,0.0005019,0.0005583,0.0006132,0.0006672,0.0007198,0.0008298,0.0009416,0.0009918,0.0009415916666666639,0.0009918523333333291
0.548,0.000382,0.0005021,0.0005583,0.0006131,0.0006672,0.0007195,0.0008289,0.0009405,0.0009908,0.0009408393333333357,0.0009911463333333362
0.552,0.0003829,0.000503,0.0005586,0.0006128,0.0006669,0.0007189,0.0008284,0.0009394,0.00099,0.0009391150000000006,0.000989718333333331
0.556,0.0003834,0.0005032,0.0005588,0.0006133,0.0006662,0.0007186,0.0008275,0.0009389,0.0009891,0.000938585666666667,0.0009889423333333347
0.56,0.0003841,0.0005036,0.0005588,0.0006128,0.0006664,0.0007183,0.000827,0.0009381,0.0009879,0.0009380146666666648,0.0009879136666666693
0.564,0.0003848,0.0005039,0.0005592,0.0006128,0.000666,0.0007178,0.0008264,0.0009371,0.000987,0.000936823333333333,0.0009866450000000002
0.568,0.0003853,0.0005041,0.0005591,0.0006125,0.0006657,0.0007178,0.0008258,0.0009359,0.0009857,0.0009360473333333314,0.0009857863333333336
0.572,0.000386,0.0005045,0.0005597,0.0006133,0.0006658,0.0007173,0.0008255,0.0009357,0.0009852,0.0009355493333333343,0.0009850533333333339
0.576,0.0003869,0.0005047,0.0005597,0.000613,0.0006655,0.0007171,0.0008245,0.0009346,0.0009838,0.0009344346666666681,0.0009837246666666672
0.58,0.0003873,0.0005052,0.0005598,0.0006127,0.0006654,0.0007168,0.0008238,0.000934,0.0009835,0.0009338303333333313,0.0009832270000000006
0.584,0.0003882,0.0005054,0.0005596,0.0006129,0.000665,0.0007163,0.0008235,0.0009326,0.0009817,0.0009326290000000021,0.000981799666666665
0.588,0.0003887,0.0005057,0.0005599,0.0006127,0.0006647,0.000716,0.0008225,0.0009312,0.0009805,0.0009308143333333326,0.0009799309999999977
0.592,0.0003897,0.000506,0.0005598,0.0006123,0.0006646,0.0007156,0.0008213,0.0009301,0.000979,0.0009297316666666653,0.0009785290000000003
0.596,0.0003901,0.0005062,0.0005599,0.0006123,0.0006643,0.0007146,0.0008206,0.000929,0.0009773,0.0009288150000000037,0.0009773093333333308
0.6,0.0003907,0.0005064,0.00056,0.000612,0.0006636,0.0007144,0.0008196,0.0009272,0.0009759,0.0009271710000000005,0.0009757533333333301
0.604,0.0003914,0.0005064,0.0005599,0.0006118,0.0006632,0.0007135,0.0008184,0.000926,0.0009744,0.0009255083333333351,0.0009739729999999933
0.608,0.000392,0.0005067,0.0005599,0.0006114,0.0006625,0.0007127,0.0008169,0.0009241,0.0009725,0.0009236700000000012,0.0009720796666666605
0.612,0.0003925,0.000507,0.0005598,0.0006111,0.0006621,0.0007117,0.000816,0.0009225,0.0009706,0.0009221119999999985,0.0009705889999999943
0.616,0.0003933,0.0005072,0.0005598,0.0006106,0.0006614,0.0007108,0.0008144,0.0009208,0.0009688,0.0009202446666666662,0.0009684683333333296
0.62,0.0003937,0.000507,0.0005595,0.0006101,0.0006605,0.00071,0.0008128,0.0009192,0.000967,0.0009187016666666682,0.0009666826666666638
0.624,0.0003946,0.0005072,0.0005593,0.0006095,0.0006597,0.0007088,0.0008116,0.0009175,0.0009649,0.0009170493333333318,0.0009646343333333298
0.628,0.0003949,0.0005073,0.000559,0.0006091,0.0006591,0.0007081,0.0008101,0.0009155,0.0009632,0.0009150990000000036,0.0009629106666666658
0.632,0.0003955,0.0005076,0.0005592,0.0006087,0.0006582,0.0007069,0.0008089,0.0009139,0.0009614,0.0009133803333333327,0.0009611006666666675
0.636,0.0003961,0.0005074,0.0005589,0.0006083,0.0006576,0.0007059,0.0008074,0.0009124,0.0009597,0.0009120546666666657,0.0009594883333333365
0.64,0.0003965,0.0005075,0.0005586,0.0006078,0.0006569,0.0007051,0.0008066,0.0009107,0.0009579,0.0009106323333333293,0.0009580030000000037
0.644,0.000397,0.0005073,0.0005584,0.0006071,0.0006562,0.0007042,0.0008049,0.0009091,0.0009562,0.0009087883333333319,0.0009560289999999993
0.648,0.0003977,0.0005077,0.0005584,0.0006069,0.0006555,0.0007036,0.0008041,0.0009077,0.0009547,0.0009076270000000021,0.000955053666666665
0.652,0.0003981,0.0005079,0.0005583,0.0006067,0.000655,0.0007023,0.0008027,0.0009064,0.0009534,0.0009060173333333329,0.0009532203333333292
0.656,0.0003986,0.0005076,0.0005581,0.0006063,0.0006546,0.0007015,0.0008016,0.000905,0.0009516,0.0009052243333333306,0.0009521996666666647
0.66,0.0003992,0.0005078,0.0005578,0.0006056,0.0006539,0.0007011,0.0008006,0.0009036,0.0009499,0.0009035750000000009,0.0009501270000000008
0.664,0.0003997,0.0005078,0.0005579,0.0006054,0.0006531,0.0007003,0.0007997,0.0009022,0.0009485,0.0009019263333333326,0.0009483156666666661
0.668,0.0004005,0.0005078,0.0005576,0.0006052,0.0006526,0.0006995,0.0007987,0.0009008,0.0009471,0.0009010936666666675,0.0009475716666666671
0.672,0.0004011,0.0005079,0.0005575,0.0006048,0.0006523,0.000699,0.0007978,0.0009,0.0009455,0.000899892333333338,0.0009456586666666623
0.676,0.0004015,0.0005081,0.0005575,0.0006048,0.000652,0.0006984,0.000797,0.0008988,0.000944,0.0008984700000000019,0.0009438269999999995
0.68,0.000402,0.0005082,0.0005575,0.0006044,0.0006513,0.0006977,0.0007962,0.0008975,0.0009427,0.0008972576666666652,0.0009424619999999997
0.684,0.0004025,0.0005083,0.0005576,0.000604,0.0006509,0.0006975,0.0007953,0.0008965,0.0009414,0.0008964266666666657,0.0009414993333333332
0.688,0.0004032,0.0005082,0.000557,0.0006036,0.0006505,0.0006966,0.0007945,0.0008952,0.00094,0.0008955060000000027,0.0009405596666666647
0.692,0.0004035,0.0005085,0.0005572,0.0006034,0.0006503,0.0006963,0.0007933,0.0008942,0.0009387,0.000894271666666671,0.0009390056666666643
0.696,0.0004042,0.0005085,0.0005571,0.000603,0.0006495,0.0006955,0.0007928,0.0008931,0.0009375,0.0008931650000000024,0.0009375629999999985
0.7,0.0004047,0.0005083,0.0005572,0.0006034,0.0006492,0.0006953,0.0007921,0.0008923,0.0009361,0.0008925476666666709,0.0009366849999999968
0.704,0.0004052,0.0005087,0.0005571,0.0006029,0.0006488,0.0006948,0.0007914,0.0008909,0.0009349,0.0008909773333333354,0.0009348339999999968
0.708,0.000406,0.0005087,0.0005571,0.0006026,0.0006487,0.0006943,0.0007905,0.0008904,0.000934,0.0008901683333333373,0.0009336649999999974
0.712,0.0004064,0.0005088,0.0005572,0.0006027,0.000648,0.0006938,0.00079,0.0008896,0.0009325,0.0008894969999999983,0.0009326673333333342
0.716,0.0004073,0.0005092,0.0005569,0.0006026,0.0006481,0.0006933,0.0007894,0.0008887,0.0009319,0.0008883709999999987,0.000931599666666668
0.72,0.0004078,0.0005094,0.0005572,0.0006026,0.000648,0.0006933,0.000789,0.0008878,0.0009311,0.0008877443333333303,0.0009309666666666659
0.724,0.0004083,0.0005095,0.0005573,0.0006025,0.0006478,0.0006929,0.0007883,0.0008869,0.0009299,0.0008869993333333318,0.0009301076666666684
0.728,0.0004088,0.00051,0.0005575,0.0006023,0.0006474,0.0006927,0.0007878,0.0008862,0.0009291,0.0008860110000000019,0.0009288893333333312
0.732,0.0004097,0.0005101,0.0005577,0.0006026,0.0006474,0.0006923,0.0007875,0.0008855,0.0009283,0.0008852166666666687,0.0009280113333333298
0.736,0.0004103,0.0005105,0.000558,0.0006025,0.0006475,0.0006924,0.0007872,0.0008849,0.0009277,0.0008848633333333328,0.0009276516666666658
0.74,0.0004112,0.0005111,0.000558,0.0006028,0.0006476,0.0006925,0.0007869,0.0008844,0.0009272,0.0008844926666666688,0.0009272713333333313
0.744,0.0004119,0.0005114,0.0005587,0.0006032,0.0006479,0.0006924,0.0007867,0.0008843,0.000927,0.0008842503333333346,0.0009269156666666683
0.748,0.0004125,0.0005119,0.0005588,0.0006033,0.0006481,0.0006927,0.0007869,0.0008839,0.0009265,0.0008840099999999971,0.0009266093333333315
0.752,0.0004133,0.0005126,0.0005594,0.0006037,0.0006482,0.0006927,0.0007867,0.000884,0.0009263,0.000883953333333331,0.0009263709999999964
0.756,0.0004142,0.000513,0.0005598,0.0006043,0.0006488,0.0006931,0.0007866,0.0008835,0.0009262,0.0008835913333333349,0.0009261986666666628
0.76,0.0004147,0.0005137,0.0005601,0.0006047,0.0006489,0.0006932,0.000787,0.0008835,0.000926,0.0008835966666666683,0.0009260973333333341
0.764,0.0004158,0.0005144,0.0005608,0.0006051,0.0006497,0.0006938,0.0007872,0.0008836,0.0009261,0.0008836976666666694,0.0009261896666666686
0.768,0.0004168,0.0005151,0.0005613,0.0006059,0.0006502,0.0006944,0.0007876,0.0008841,0.0009263,0.0008842116666666664,0.0009265199999999972
0.772,0.0004177,0.0005157,0.000562,0.0006069,0.0006507,0.0006948,0.0007875,0.0008842,0.0009264,0.0008841750000000007,0.0009265029999999963
0.776,0.0004189,0.000517,0.0005634,0.0006082,0.0006519,0.0006963,0.0007889,0.0008856,0.000928,0.0008857733333333278,0.0009282223333333345
0.78,0.0004201,0.0005179,0.0005642,0.000609,0.0006532,0.0006967,0.0007895,0.0008858,0.0009282,0.0008861263333333304,0.0009285153333333316
0.784,0.0004211,0.0005188,0.0005652,0.00061,0.0006538,0.0006979,0.0007903,0.0008867,0.0009289,0.0008868333333333314,0.0009291096666666695
0.788,0.0004223,0.0005198,0.0005663,0.0006111,0.000655,0.0006988,0.0007911,0.0008872,0.0009296,0.0008874823333333328,0.000929899666666665
0.792,0.0004233,0.0005208,0.0005673,0.000612,0.0006557,0.0006997,0.0007921,0.0008878,0.0009303,0.0008881566666666637,0.0009306469999999972
0.796,0.0004245,0.0005222,0.0005686,0.0006134,0.0006569,0.0007009,0.0007933,0.0008891,0.0009313,0.0008892939999999996,0.0009318896666666658
0.8,0.000426,0.0005231,0.0005697,0.0006146,0.0006582,0.000702,0.0007945,0.0008897,0.0009323,0.0008898346666666638,0.000932585999999998
0.804,0.0004269,0.0005246,0.000571,0.000616,0.0006588,0.0007033,0.0007955,0.000891,0.0009332,0.0008909566666666668,0.000933608999999999
0.808,0.0004282,0.0005259,0.0005724,0.0006174,0.0006609,0.0007046,0.0007968,0.0008919,0.0009344,0.0008920923333333344,0.0009350883333333335
0.812,0.0004294,0.0005273,0.0005738,0.0006187,0.0006619,0.000706,0.0007979,0.0008932,0.0009359,0.0008934183333333348,0.0009366193333333299
0.816,0.0004306,0.0005286,0.0005753,0.0006202,0.0006639,0.0007076,0.0007998,0.0008944,0.0009369,0.0008947836666666646,0.0009376483333333322
0.82,0.0004321,0.00053,0.0005769,0.0006219,0.0006651,0.000709,0.0008005,0.000896,0.0009385,0.0008951683333333349,0.000937944666666668
0.824,0.0004329,0.0005312,0.0005779,0.0006229,0.0006663,0.0007102,0.0008022,0.0008966,0.0009394,0.000895702000000001,0.0009388080000000006
0.828,0.0004345,0.0005328,0.0005798,0.0006247,0.0006681,0.0007119,0.0008037,0.000898,0.0009411,0.000897754000000003,0.0009416483333333316
0.832,0.0004358,0.0005347,0.0005814,0.0006265,0.0006697,0.0007135,0.0008052,0.0008997,0.0009427,0.000899341666666669,0.0009435136666666654
0.836,0.0004371,0.0005361,0.0005831,0.0006282,0.0006718,0.0007155,0.0008071,0.0009016,0.0009445,0.0009014890000000011,0.0009451503333333305
0.84,0.0004385,0.0005383,0.000585,0.00063,0.0006736,0.0007178,0.000809,0.0009033,0.0009465,0.0009031949999999979,0.0009468099999999981
0.844,0.0004402,0.00054,0.000587,0.0006321,0.0006754,0.0007196,0.0008109,0.0009053,0.0009484,0.0009059843333333315,0.0009498149999999981
0.848,0.000442,0.000542,0.0005889,0.0006339,0.0006775,0.0007217,0.000813,0.0009071,0.0009504,0.0009073026666666637,0.0009514889999999993
0.852,0.0004439,0.0005438,0.0005907,0.0006365,0.0006798,0.0007238,0.000815,0.0009092,0.0009523,0.0009065726666666664,0.0009497606666666652
0.856,0.0004455,0.0005459,0.0005932,0.0006384,0.0006822,0.0007261,0.0008174,0.0009113,0.000955,0.0009090490000000019,0.0009531456666666667
0.86,0.0004477,0.000548,0.0005952,0.000641,0.0006844,0.0007284,0.00082,0.0009135,0.0009572,0.0009114143333333372,0.0009552739999999976
0.864,0.0004496,0.0005505,0.0005977,0.0006434,0.0006868,0.0007308,0.0008222,0.0009161,0.0009598,0.0009135020000000001,0.0009572493333333362
0.868,0.0004517,0.0005524,0.0005999,0.0006459,0.0006896,0.0007334,0.0008247,0.0009186,0.0009627,0.0009159543333333318,0.000960319666666668
0.872,0.0004536,0.0005551,0.0006031,0.0006487,0.0006921,0.000736,0.0008276,0.0009211,0.0009658,0.0009190453333333351,0.0009635586666666662
0.876,0.0004557,0.0005577,0.0006056,0.0006516,0.0006954,0.0007393,0.0008308,0.0009248,0.0009688,0.0009213216666666687,0.0009651289999999981
0.88,0.0004583,0.0005604,0.0006084,0.0006543,0.000698,0.0007423,0.0008334,0.0009274,0.0009719,0.0009214549999999997,0.0009655706666666676
0.884,0.0004605,0.000563,0.0006111,0.0006572,0.0007012,0.0007454,0.0008368,0.0009308,0.0009749,0.0009255593333333356,0.0009691759999999998
0.888,0.0004627,0.0005659,0.0006141,0.0006604,0.0007042,0.0007483,0.00084,0.0009336,0.0009783,0.0009291536666666683,0.0009734856666666621
0.892,0.000465,0.0005687,0.000617,0.0006633,0.0007074,0.0007517,0.0008435,0.0009369,0.0009815,0.0009336056666666659,0.0009778536666666664
0.896,0.0004675,0.0005712,0.0006198,0.0006663,0.0007111,0.0007552,0.0008471,0.0009402,0.0009847,0.000938463333333335,0.0009830266666666697
0.9,0.0004699,0.0005744,0.0006229,0.0006697,0.000714,0.0007584,0.0008505,0.0009434,0.0009884,0.0009410273333333352,0.000986052666666668
0.904,0.0004724,0.0005776,0.0006262,0.0006732,0.0007177,0.0007621,0.0008543,0.0009473,0.0009923,0.0009416596666666695,0.0009861450000000014
0.908,0.0004753,0.0005807,0.0006297,0.0006765,0.0007212,0.0007657,0.0008577,0.0009511,0.0009962,0.0009459330000000016,0.0009904480000000014
0.912,0.0004778,0.0005836,0.0006327,0.0006801,0.0007244,0.00077,0.0008616,0.0009551,0.001,0.0009525383333333289,0.000998000333333334
0.916,0.0004808,0.0005866,0.0006363,0.0006838,0.0007285,0.0007742,0.0008652,0.0009587,0.001004,0.000956083666666667,0.0010008943333333366
0.92,0.0004838,0.00059,0.0006398,0.0006872,0.0007324,0.0007778,0.0008692,0.000963,0.001008,0.0009596826666666647,0.0010043136666666704
0.924,0.0004868,0.0005932,0.0006432,0.0006909,0.0007364,0.0007815,0.0008735,0.0009669,0.001012,0.0009632866666666642,0.001007077666666671
0.928,0.0004895,0.0005965,0.0006464,0.0006944,0.0007403,0.0007852,0.0008775,0.0009708,0.001017,0.0009650593333333301,0.0010100336666666646
0.932,0.0004925,0.0006001,0.0006501,0.0006986,0.0007444,0.0007894,0.0008816,0.000975,0.001021,0.0009704166666666677,0.0010153219999999962
0.936,0.0004959,0.0006037,0.000654,0.0007025,0.0007484,0.0007934,0.0008859,0.0009794,0.001025,0.0009751393333333332,0.0010190079999999983
0.94,0.000499,0.0006073,0.0006575,0.0007065,0.0007524,0.0007976,0.0008902,0.0009835,0.00103,0.0009758480000000024,0.0010187696666666647
0.944,0.0005022,0.0006111,0.0006615,0.0007107,0.0007565,0.0008021,0.0008948,0.0009879,0.001034,0.0009843680000000035,0.0010291589999999985
0.948,0.0005057,0.0006144,0.0006657,0.0007145,0.0007605,0.0008069,0.0008991,0.0009926,0.001039,0.000986207666666671,0.001029572333333337
0.952,0.0005089,0.0006183,0.0006697,0.0007184,0.0007647,0.0008111,0.0009036,0.000997,0.001044,0.0009924280000000024,0.0010375563333333304
0.956,0.0005126,0.0006221,0.000674,0.0007229,0.0007693,0.0008157,0.0009082,0.001002,0.001049,0.0009980110000000022,0.0010435783333333345
0.96,0.0005159,0.0006265,0.0006781,0.000727,0.0007738,0.0008201,0.000913,0.001006,0.001053,0.0010015490000000035,0.0010462443333333362
0.964,0.0005198,0.0006306,0.000682,0.000731,0.0007786,0.0008247,0.0009174,0.001011,0.001058,0.0010048426666666678,0.0010485886666666687
0.968,0.0005231,0.0006346,0.0006863,0.0007359,0.000783,0.0008294,0.0009222,0.001016,0.001063,0.0010082183333333325,0.0010515709999999996
0.972,0.0005269,0.0006391,0.0006909,0.0007406,0.0007878,0.0008341,0.0009271,0.001021,0.001068,0.0010155099999999977,0.0010596613333333379
0.976,0.0005307,0.0006435,0.0006949,0.0007453,0.0007924,0.0008388,0.0009318,0.001026,0.001073,0.001018010000000003,0.0010610979999999982
0.98,0.0005346,0.0006476,0.0006997,0.00075,0.0007973,0.0008439,0.000937,0.001031,0.001078,0.0010197496666666688,0.0010616796666666679
0.984,0.0005383,0.0006517,0.0007045,0.0007547,0.0008019,0.0008488,0.0009418,0.001036,0.001084,0.001028801333333333,0.001072010666666664
0.988,0.0005417,0.0006562,0.0007092,0.0007594,0.0008071,0.0008537,0.0009468,0.001041,0.001089,0.0010329643333333318,0.0010769266666666693
0.992,0.0005456,0.0006603,0.0007137,0.0007641,0.0008118,0.0008587,0.0009521,0.001046,0.001094,0.0010375079999999978,0.0010808006666666666
0.996,0.0005495,0.0006647,0.0007183,0.0007694,0.0008168,0.0008638,0.0009571,0.001051,0.0011,0.0010431536666666687,0.001087388999999997
1.0,0.000554,0.0006699,0.0007228,0.0007741,0.000822,0.000869,0.0009621,0.001056,0.001105,0.0010521510000000007,0.001098622333333335
1.004,0.000558,0.0006743,0.0007277,0.0007788,0.000827,0.0008744,0.0009674,0.001061,0.001111,0.0010586790000000005,0.001106961666666663
1.008,0.000562,0.000679,0.0007325,0.000784,0.000832,0.0008796,0.0009725,0.001066,0.001116,0.0010629126666666707,0.0011112896666666682
1.012,0.0005658,0.0006836,0.0007375,0.0007891,0.0008372,0.0008847,0.0009782,0.001072,0.001121,0.0010677890000000002,0.001116596999999999
1.016,0.0005701,0.000688,0.0007426,0.0007944,0.0008425,0.0008899,0.0009831,0.001077,0.001127,0.001072756999999998,0.0011215903333333293
1.02,0.0005742,0.000693,0.0007473,0.0007994,0.000848,0.0008952,0.0009886,0.001082,0.001132,0.001077911666666671,0.0011269673333333347
1.024,0.0005782,0.0006977,0.0007525,0.0008047,0.0008534,0.0009009,0.000994,0.001087,0.001138,0.0010807190000000032,0.001129756666666662
1.028,0.000582,0.0007025,0.0007575,0.0008098,0.0008584,0.0009059,0.0009992,0.001093,0.001144,0.0010906263333333374,0.001140133999999998
1.032,0.0005864,0.0007076,0.0007628,0.0008153,0.0008641,0.0009118,0.001005,0.001099,0.001149,0.0010939683333333332,0.0011432896666666705
1.036,0.0005911,0.0007126,0.0007682,0.0008209,0.0008697,0.0009176,0.00101,0.001104,0.001155,0.0010970896666666636,0.0011465396666666679
1.04,0.0005957,0.0007181,0.0007737,0.0008263,0.0008756,0.0009234,0.001016,0.00111,0.001162,0.001098478,0.001147441666666666
1.044,0.0006001,0.0007234,0.0007794,0.0008324,0.0008818,0.0009292,0.001022,0.001116,0.001168,0.0011087096666666707,0.001158567333333335
1.048,0.0006044,0.0007288,0.0007851,0.0008385,0.0008874,0.0009357,0.001028,0.001122,0.001174,0.0011135530000000052,0.0011634293333333365
1.052,0.0006093,0.0007348,0.0007911,0.0008445,0.0008939,0.0009418,0.001034,0.001128,0.00118,0.0011250266666666684,0.0011751600000000002
1.056,0.0006142,0.0007405,0.0007972,0.000851,0.0009005,0.0009484,0.001041,0.001134,0.001186,0.0011302920000000028,0.001181600000000003
1.06,0.0006191,0.0007466,0.0008033,0.0008574,0.0009068,0.0009549,0.001048,0.00114,0.001193,0.00113562733333333,0.00118878
1.064,0.0006243,0.0007528,0.0008103,0.000864,0.000914,0.0009623,0.001055,0.001146,0.0012,0.001140149999999997,0.0011937066666666651
1.068,0.0006297,0.0007592,0.0008171,0.0008715,0.000921,0.0009693,0.001061,0.001153,0.001206,0.0011438933333333325,0.0011952633333333332
1.072,0.0006353,0.0007664,0.0008242,0.0008785,0.0009286,0.0009768,0.001069,0.00116,0.001213,0.0011534066666666633,0.0012076400000000029
1.076,0.0006414,0.0007735,0.0008317,0.0008859,0.0009362,0.0009842,0.001076,0.001167,0.001221,0.001164686666666662,0.0012264500000000063
1.08,0.0006475,0.0007806,0.0008393,0.0008939,0.000944,0.0009928,0.001084,0.001175,0.001228,0.0011728066666666646,0.0012322000000000045
1.084,0.000654,0.0007887,0.0008477,0.0009024,0.0009527,0.001001,0.001092,0.001182,0.001236,0.0011798333333333348,0.001237620000000002
1.088,0.0006613,0.0007972,0.0008561,0.0009106,0.0009616,0.00101,0.0011,0.00119,0.001244,0.001184203333333338,0.0012398366666666713
1.092,0.0006687,0.0008058,0.0008646,0.00092,0.0009707,0.001018,0.001109,0.001199,0.001253,0.0011920100000000044,0.0012471400000000034
1.096,0.0006769,0.0008152,0.0008742,0.0009294,0.0009794,0.001028,0.001117,0.001207,0.001261,0.0011976033333333394,0.001251146666666672
1.1,0.000686,0.0008252,0.0008844,0.0009394,0.0009893,0.001037,0.001127,0.001217,0.00127,0.0012154666666666703,0.0012744799999999965
1.104,0.0006965,0.0008356,0.0008956,0.0009498,0.0009993,0.001047,0.001136,0.001226,0.00128,0.0012185866666666696,0.0012704966666666683
1.108,0.0007078,0.0008477,0.000907,0.0009615,0.00101,0.001058,0.001147,0.001237,0.00129,0.0012227833333333293,0.0012676900000000062
1.112,0.0007207,0.0008605,0.0009196,0.0009733,0.001021,0.001069,0.001157,0.001248,0.0013,0.0012285566666666707,0.001268806666666671
1.116,0.0007346,0.0008743,0.0009328,0.000986,0.001034,0.001081,0.001169,0.001259,0.001311,0.0012397266666666724,0.001277910000000004
1.12,0.0007497,0.0008888,0.0009468,0.0009995,0.001047,0.001094,0.001181,0.001269,0.001323,0.0012547633333333374,0.0012975233333333363
1.124,0.000766,0.0009041,0.0009613,0.001014,0.00106,0.001106,0.001193,0.001281,0.001336,0.001267493333333331,0.001313626666666668
1.128,0.0007831,0.0009197,0.0009768,0.001029,0.001074,0.00112,0.001206,0.001294,0.001347,0.0012810633333333354,0.0013243233333333278
1.132,0.0008001,0.0009355,0.0009926,0.001044,0.001088,0.001134,0.00122,0.001306,0.001359,0.0012932866666666614,0.0013346733333333331
1.136,0.0008176,0.0009525,0.001009,0.001059,0.001103,0.001148,0.001235,0.001319,0.001372,0.0013090766666666665,0.001354369999999999
1.14,0.0008354,0.0009687,0.001025,0.001074,0.001119,0.001164,0.001248,0.001333,0.001385,0.0013185566666666607,0.0013587766666666719
1.144,0.000853,0.0009849,0.001041,0.001091,0.001134,0.001179,0.001262,0.001347,0.001399,0.001327603333333329,0.0013642799999999968
1.148,0.0008705,0.001001,0.001056,0.001107,0.00115,0.001196,0.001277,0.001363,0.001413,0.0013426666666666674,0.0013787166666666651
1.152,0.0008873,0.001017,0.001073,0.001122,0.001166,0.001212,0.001292,0.001378,0.001428,0.0013581033333333302,0.0013971133333333316
1.156,0.0009031,0.001034,0.001088,0.001138,0.001182,0.001226,0.001307,0.001393,0.001444,0.0013705899999999964,0.0014093333333333332
1.16,0.0009186,0.001049,0.001104,0.001154,0.001199,0.001242,0.001323,0.001409,0.001459,0.0013891033333333293,0.0014309233333333268
1.164,0.0009334,0.001064,0.001119,0.001169,0.001214,0.001258,0.001339,0.001423,0.001474,0.0014000666666666678,0.0014405066666666637
1.168,0.0009476,0.001079,0.001135,0.001185,0.00123,0.001274,0.001355,0.001439,0.001488,0.0014209666666666744,0.0014628433333333296
1.172,0.0009623,0.001093,0.001151,0.0012,0.001245,0.001289,0.001371,0.001453,0.001503,0.001435466666666664,0.0014778133333333277
1.176,0.0009757,0.001109,0.001168,0.001215,0.00126,0.001304,0.001386,0.001469,0.001518,0.001450373333333332,0.0014914066666666718
1.18,0.0009896,0.001123,0.001181,0.001231,0.001275,0.00132,0.001401,0.001483,0.001533,0.0014651966666666722,0.0015069333333333382
1.184,0.001003,0.001138,0.001196,0.001247,0.00129,0.001335,0.001416,0.001499,0.001548,0.0014810266666666601,0.0015240499999999947
1.188,0.001016,0.001152,0.00121,0.00126,0.001305,0.00135,0.001431,0.001515,0.001563,0.00149965333333333,0.001539223333333329
1.192,0.001029,0.001166,0.001224,0.001275,0.00132,0.001365,0.001446,0.00153,0.001578,0.0015143866666666604,0.0015526833333333392
1.196,0.001043,0.001179,0.001238,0.001288,0.001333,0.001379,0.00146,0.001545,0.001593,0.0015272600000000045,0.0015658300000000052
1.2,0.001056,0.001194,0.001251,0.001302,0.001348,0.001393,0.001475,0.00156,0.001608,0.001541923333333338,0.0015814799999999986
1.204,0.001068,0.001209,0.001265,0.001315,0.001361,0.001406,0.001489,0.001574,0.001623,0.0015599300000000065,0.0016033199999999964
1.208,0.001081,0.00122,0.001279,0.001329,0.001373,0.00142,0.001503,0.00159,0.001637,0.0015723833333333294,0.0016115699999999982
1.212,0.001093,0.001233,0.001292,0.001342,0.001386,0.001433,0.001518,0.001604,0.001653,0.0015888499999999971,0.0016297500000000025
1.216,0.001105,0.001245,0.001304,0.001354,0.001399,0.001446,0.001532,0.001619,0.001668,0.0016023499999999959,0.0016438100000000018
1.22,0.001117,0.001257,0.001316,0.001367,0.001412,0.00146,0.001545,0.001634,0.001683,0.001622006666666674,0.0016634399999999943
1.224,0.00113,0.001268,0.001328,0.001379,0.001425,0.001472,0.001559,0.001649,0.001698,0.0016328100000000054,0.00167261666666666
1.228,0.001141,0.00128,0.001339,0.00139,0.001436,0.001485,0.001573,0.001664,0.001713,0.0016522333333333329,0.0016961166666666723
1.232,0.00115,0.001292,0.00135,0.001402,0.001449,0.001497,0.001586,0.001679,0.001727,0.0016670799999999933,0.0017119733333333291
1.236,0.001161,0.001302,0.001361,0.001412,0.00146,0.001509,0.0016,0.001694,0.001742,0.0016797799999999903,0.0017205800000000052
1.24,0.001171,0.001312,0.001372,0.001424,0.001471,0.001522,0.001613,0.001708,0.001758,0.0016974066666666594,0.0017461499999999977
1.244,0.00118,0.001323,0.001382,0.001434,0.001483,0.001533,0.001627,0.001723,0.001773,0.0017124333333333264,0.001763030000000008
1.248,0.001189,0.001332,0.001392,0.001445,0.001494,0.001545,0.00164,0.001738,0.001789,0.0017338566666666717,0.001786826666666665
1.252,0.001197,0.001341,0.001402,0.001455,0.001505,0.001558,0.001654,0.001754,0.001804,0.0017442566666666633,0.0017979433333333388
1.256,0.001207,0.001351,0.001412,0.001466,0.001516,0.00157,0.001668,0.001769,0.00182,0.0017534933333333384,0.0018038433333333304
1.26,0.001215,0.00136,0.001422,0.001476,0.001527,0.001582,0.001682,0.001784,0.001836,0.0017723133333333377,0.0018243333333333323
1.264,0.001223,0.001369,0.001432,0.001486,0.001539,0.001594,0.001696,0.0018,0.001852,0.0017895833333333407,0.001842536666666671
1.268,0.00123,0.001378,0.001441,0.001497,0.00155,0.001607,0.00171,0.001816,0.00187,0.0018008366666666669,0.001854059999999998
1.272,0.001238,0.001386,0.001451,0.001507,0.001562,0.001619,0.001724,0.001833,0.001887,0.0018162999999999914,0.001868350000000006
1.276,0.001246,0.001395,0.001461,0.001518,0.001573,0.001631,0.001738,0.001849,0.001903,0.001835439999999993,0.0018879233333333296
1.28,0.001254,0.001404,0.001471,0.001529,0.001585,0.001644,0.001754,0.001865,0.00192,0.0018504566666666692,0.0019033266666666638
1.284,0.001262,0.001413,0.001481,0.001539,0.001596,0.001656,0.001768,0.001882,0.001938,0.0018608266666666669,0.0019133666666666634
1.288,0.00127,0.001423,0.001491,0.001551,0.001609,0.00167,0.001784,0.0019,0.001956,0.00188435333333334,0.001938066666666666
1.292,0.001278,0.001432,0.001502,0.001562,0.001621,0.001684,0.001799,0.001917,0.001974,0.0018997933333333313,0.0019528566666666628
1.296,0.001287,0.001442,0.001513,0.001573,0.001634,0.001698,0.001815,0.001935,0.001993,0.0019146666666666724,0.001967940000000007
1.3,0.001295,0.001452,0.001523,0.001585,0.001647,0.001711,0.001831,0.001954,0.002012,0.0019327766666666709,0.0019867333333333397
1.304,0.001304,0.001463,0.001535,0.001598,0.00166,0.001725,0.001847,0.001973,0.002032,0.0019513033333333348,0.0020055100000000003
1.308,0.001313,0.001473,0.001546,0.00161,0.001672,0.001739,0.001865,0.001992,0.002052,0.0019737666666666633,0.0020296900000000046
1.312,0.001323,0.001484,0.001558,0.001623,0.001686,0.001755,0.001883,0.002011,0.002071,0.0019923366666666636,0.0020509166666666696
1.316,0.001334,0.001495,0.001571,0.001636,0.0017,0.00177,0.001901,0.00203,0.002091,0.0020038566666666607,0.0020598099999999996
1.32,0.001344,0.001507,0.001584,0.001648,0.001715,0.001788,0.001919,0.00205,0.002112,0.0020250333333333313,0.0020834366666666673
1.324,0.001356,0.001519,0.001597,0.001663,0.00173,0.001804,0.001937,0.002069,0.002132,0.0020471166666666605,0.002106980000000009
1.328,0.001368,0.001532,0.00161,0.001677,0.001747,0.00182,0.001955,0.002089,0.002152,0.002074573333333335,0.0021373566666666676
1.332,0.001381,0.001546,0.001624,0.001692,0.001763,0.001838,0.001973,0.00211,0.002173,0.0020877633333333287,0.002148623333333326
1.336,0.001393,0.001559,0.001638,0.001708,0.001779,0.001855,0.001992,0.002129,0.002192,0.0021071533333333367,0.002168043333333336
1.34,0.001407,0.001573,0.001654,0.001724,0.001796,0.001872,0.002012,0.00215,0.002214,0.0021326799999999957,0.0021959900000000036
1.344,0.001421,0.001587,0.00167,0.001741,0.001814,0.001891,0.002032,0.00217,0.002235,0.0021420833333333365,0.002201606666666661
1.348,0.001436,0.001603,0.001688,0.001758,0.001832,0.00191,0.002052,0.002191,0.002256,0.0021717266666666755,0.0022348900000000015
1.352,0.001451,0.001619,0.001705,0.001776,0.00185,0.001929,0.002072,0.002213,0.002278,0.0021894766666666742,0.0022505433333333356
1.356,0.001468,0.001635,0.001722,0.001794,0.001869,0.001948,0.002093,0.002234,0.0023,0.0022130499999999964,0.0022746633333333333
1.36,0.001484,0.001654,0.00174,0.001813,0.001888,0.001969,0.002113,0.002256,0.002322,0.0022283566666666675,0.0022879000000000037
1.364,0.001501,0.001672,0.001758,0.001832,0.001908,0.001989,0.002135,0.002279,0.002345,0.002265313333333333,0.0023306000000000034
1.368,0.001518,0.00169,0.001778,0.001852,0.001928,0.00201,0.002157,0.002302,0.002367,0.002281266666666677,0.002344553333333337
1.372,0.001536,0.001709,0.001798,0.001872,0.00195,0.002032,0.002179,0.002324,0.00239,0.002301596666666664,0.002363670000000003
1.376,0.001554,0.001729,0.001819,0.001893,0.00197,0.002054,0.002201,0.002348,0.002414,0.002333603333333338,0.002401393333333345
1.38,0.001574,0.001749,0.001839,0.001914,0.001993,0.002076,0.002224,0.002371,0.002437,0.0023546733333333386,0.002424516666666677
1.384,0.001594,0.001771,0.001861,0.001937,0.002016,0.002099,0.002248,0.002395,0.002461,0.0023714066666666684,0.0024370466666666715
1.388,0.001616,0.001792,0.001884,0.00196,0.002039,0.002123,0.002272,0.002419,0.002485,0.002405649999999992,0.0024732499999999937
1.392,0.001637,0.001815,0.001907,0.001983,0.002062,0.002147,0.002297,0.002443,0.002509,0.002429183333333326,0.00249987333333333
1.396,0.001658,0.001837,0.001931,0.002007,0.002087,0.002172,0.002321,0.002469,0.002534,0.0024487933333333435,0.002514373333333335
1.4,0.00168,0.001861,0.001955,0.002031,0.002111,0.002197,0.002345,0.002493,0.002558,0.0024719033333333324,0.0025359933333333248
1.404,0.001703,0.001885,0.00198,0.002056,0.002136,0.002222,0.002371,0.002518,0.002583,0.0024826433333333393,0.002543566666666667
1.408,0.001727,0.00191,0.002005,0.002081,0.002163,0.002248,0.002397,0.002542,0.002607,0.0025222233333333397,0.002586320000000011
1.412,0.00175,0.001935,0.00203,0.002107,0.002188,0.002274,0.002422,0.002568,0.002632,0.002543053333333338,0.002606946666666663
1.416,0.001775,0.001962,0.002057,0.002134,0.002215,0.002302,0.002449,0.002594,0.002658,0.002561959999999995,0.0026214866666666725
1.42,0.001799,0.001988,0.002084,0.002161,0.002243,0.002328,0.002475,0.00262,0.002684,0.002597703333333325,0.0026576066666666744
1.424,0.001825,0.002014,0.002111,0.002189,0.00227,0.002356,0.002502,0.002646,0.00271,0.0026219200000000054,0.0026810366666666628
1.428,0.001852,0.002042,0.00214,0.002217,0.002299,0.002384,0.002529,0.002672,0.002736,0.0026503866666666696,0.0027123099999999934
1.432,0.001878,0.00207,0.002169,0.002246,0.002327,0.002413,0.002556,0.002699,0.002762,0.0026767433333333385,0.0027392466666666714
1.436,0.001906,0.002099,0.002198,0.002276,0.002356,0.002441,0.002584,0.002726,0.002788,0.0026970566666666682,0.002757690000000008
1.44,0.001934,0.002128,0.002227,0.002303,0.002385,0.002469,0.002611,0.002752,0.002814,0.0027338366666666575,0.002799709999999994
1.444,0.001963,0.002158,0.002258,0.002334,0.002415,0.002498,0.00264,0.00278,0.002843,0.0027560100000000023,0.002816483333333343
1.448,0.001991,0.002188,0.002288,0.002364,0.002445,0.002528,0.002667,0.002808,0.002869,0.0027843533333333365,0.002844906666666673
1.452,0.002021,0.002219,0.002319,0.002395,0.002474,0.002558,0.002696,0.002836,0.002896,0.002814179999999989,0.0028745266666666746
1.456,0.002052,0.002251,0.002351,0.002426,0.002505,0.002589,0.002725,0.002864,0.002923,0.002839363333333324,0.0028975266666666716
1.46,0.002084,0.002283,0.002384,0.002457,0.002536,0.002619,0.002755,0.002891,0.002951,0.002867933333333322,0.0029272800000000082
1.464,0.002116,0.002315,0.002415,0.002489,0.002567,0.00265,0.002785,0.002918,0.002978,0.0028953233333333206,0.0029533466666666753
1.468,0.002149,0.002349,0.002446,0.002521,0.0026,0.002681,0.002815,0.002948,0.003006,0.0029270999999999867,0.002983249999999989
1.472,0.002183,0.002382,0.002481,0.002554,0.002631,0.002713,0.002844,0.002976,0.003034,0.00295553999999999,0.0030139499999999914
1.476,0.002217,0.002416,0.002514,0.002587,0.002664,0.002745,0.002874,0.003005,0.003063,0.00298308333333334,0.0030414933333333424
1.48,0.002253,0.00245,0.002548,0.00262,0.002697,0.002778,0.002905,0.003034,0.00309,0.003010639999999994,0.003064550000000009
1.484,0.002288,0.002485,0.002583,0.002653,0.00273,0.00281,0.002935,0.003063,0.003119,0.003028850000000009,0.0030812833333333277
1.488,0.002324,0.00252,0.002617,0.002688,0.002764,0.002843,0.002966,0.003092,0.003147,0.003068263333333326,0.0031220533333333415
1.492,0.002362,0.002558,0.002653,0.002722,0.002798,0.002876,0.002997,0.003123,0.003177,0.0030945499999999945,0.0031462466666666617
1.496,0.002399,0.002594,0.002689,0.002759,0.002832,0.002909,0.003029,0.003152,0.003207,0.00313209000000001,0.003184803333333322
1.5,0.002436,0.00263,0.002725,0.002793,0.002866,0.002943,0.00306,0.003182,0.003235,0.003157566666666676,0.0032088466666666568
